SKU_ID,Category,Subcategory,Brand,Unit,Weight_g,Lifecycle_Status,Country
SKU00002,NutriBox,Classic,FB,SACH,1232,New,MA
SKU00005,VitalMeal,Vegan,FB,BOX,453,New,FR
SKU00006,NutriBox,Classic,NB,BAG,942,PhaseOut,VN
SKU00007,NutriBox,Zero,FB,BAG,727,Active,FR
SKU00008,FreshBite,Kids,VM,SACH,1384,Active,MA
SKU00010,FreshBite,Kids,NB,BOX,1536,PhaseOut,MA
SKU00011,FreshBite,Classic,VM,BOX,137,PhaseOut,BR
SKU00012,FreshBite,Zero,VM,BOX,266,PhaseOut,FR
SKU00014,VitalMeal,Classic,NB,BOX,1208,Active,VN
SKU00015,NutriBox,Kids,NB,BAG,1770,Active,BR
SKU00016,VitalMeal,Vegan,NB,BOX,1424,PhaseOut,MA
SKU00017,VitalMeal,Zero,NB,BOX,189,PhaseOut,FR
SKU00018,VitalMeal,Zero,VM,BAG,667,New,BR
SKU00019,FreshBite,Classic,VM,BOX,182,PhaseOut,MA
SKU00020,EcoPure,Classic,FB,SACH,1693,New,BR
SKU00021,NutriBox,Zero,FB,BAG,227,Active,MA
SKU00023,VitalMeal,Kids,FB,BAG,1431,Active,MA
SKU00024,VitalMeal,Vegan,FB,SACH,429,Active,MA
SKU00025,EcoPure,Kids,NB,BAG,957,Active,BR
SKU00026,EcoPure,Classic,NB,BOX,1944,Active,BR
SKU00027,EcoPure,Classic,FB,BOX,707,PhaseOut,VN
SKU00028,VitalMeal,Kids,EP,BOX,499,Active,BR
SKU00029,VitalMeal,Classic,NB,BAG,635,New,BR
SKU00030,NutriBox,Zero,FB,BOX,512,PhaseOut,VN
SKU00031,NutriBox,Zero,FB,BAG,1039,Active,BR
SKU00033,EcoPure,Zero,EP,SACH,171,New,FR
SKU00034,EcoPure,Zero,VM,SACH,66,Active,FR
SKU00035,NutriBox,Vegan,EP,SACH,1269,New,VN
SKU00036,VitalMeal,Vegan,NB,SACH,376,Active,BR
SKU00037,NutriBox,Zero,EP,BAG,367,New,BR
SKU00038,NutriBox,Kids,FB,BOX,858,Active,VN
SKU00039,FreshBite,Vegan,FB,SACH,1552,PhaseOut,FR
SKU00040,FreshBite,Classic,EP,BAG,1325,Active,MA
SKU00041,FreshBite,Classic,EP,SACH,552,PhaseOut,BR
SKU00043,VitalMeal,Kids,VM,BAG,1747,Active,MA
SKU00044,VitalMeal,Zero,EP,BAG,759,New,VN
SKU00046,VitalMeal,Kids,VM,BOX,1559,New,VN
SKU00047,FreshBite,Vegan,VM,SACH,94,Active,FR
SKU00048,EcoPure,Zero,EP,SACH,363,Active,FR
SKU00049,EcoPure,Vegan,NB,BOX,1252,Active,VN
SKU00050,FreshBite,Kids,VM,BOX,1967,PhaseOut,BR
SKU00052,FreshBite,Classic,VM,BOX,605,Active,BR
SKU00053,VitalMeal,Kids,EP,BOX,1856,New,FR
SKU00056,VitalMeal,Kids,FB,SACH,1763,Active,BR
SKU00057,NutriBox,Vegan,FB,BOX,1430,New,BR
SKU00058,FreshBite,Kids,FB,BAG,1489,Active,VN
SKU00059,NutriBox,Zero,EP,BOX,564,PhaseOut,BR
SKU00060,FreshBite,Zero,VM,BOX,263,New,FR
SKU00061,FreshBite,Kids,EP,BOX,1927,PhaseOut,VN
SKU00063,NutriBox,Classic,VM,BAG,1636,Active,VN
SKU00064,FreshBite,Zero,FB,BOX,1652,Active,MA
SKU00065,EcoPure,Kids,EP,SACH,558,Active,VN
SKU00066,VitalMeal,Kids,FB,BAG,381,Active,BR
SKU00067,NutriBox,Zero,FB,SACH,1166,New,FR
SKU00068,VitalMeal,Kids,NB,SACH,737,PhaseOut,VN
SKU00070,EcoPure,Zero,NB,BOX,1592,New,BR
SKU00071,EcoPure,Classic,NB,SACH,1342,PhaseOut,FR
SKU00072,NutriBox,Classic,NB,SACH,1449,Active,FR
SKU00073,EcoPure,Classic,FB,BOX,1907,PhaseOut,MA
SKU00074,NutriBox,Classic,NB,BOX,1077,Active,MA
SKU00077,VitalMeal,Classic,VM,BAG,649,Active,FR
SKU00078,FreshBite,Kids,NB,BOX,1602,New,MA
SKU00080,FreshBite,Zero,VM,SACH,1719,Active,BR
SKU00081,VitalMeal,Vegan,NB,BAG,1796,PhaseOut,FR
SKU00082,NutriBox,Zero,FB,BOX,374,PhaseOut,VN
SKU00084,FreshBite,Vegan,VM,BAG,1978,PhaseOut,BR
SKU00087,NutriBox,Zero,FB,BOX,772,Active,MA
SKU00090,VitalMeal,Zero,NB,BAG,1559,PhaseOut,MA
SKU00091,VitalMeal,Zero,EP,BOX,1589,PhaseOut,BR
SKU00092,EcoPure,Vegan,EP,SACH,201,New,FR
SKU00093,EcoPure,Kids,EP,BOX,1004,PhaseOut,VN
SKU00094,EcoPure,Classic,VM,BOX,1556,Active,BR
SKU00095,EcoPure,Kids,VM,BOX,308,New,VN
SKU00096,EcoPure,Vegan,EP,SACH,373,Active,BR
SKU00098,EcoPure,Vegan,EP,BAG,918,New,BR
SKU00099,NutriBox,Vegan,FB,BAG,1241,Active,BR
SKU00100,FreshBite,Zero,FB,BOX,737,PhaseOut,VN
SKU00101,EcoPure,Classic,VM,SACH,359,New,MA
SKU00102,EcoPure,Zero,FB,BOX,852,Active,VN
SKU00103,VitalMeal,Classic,EP,BAG,1552,PhaseOut,BR
SKU00104,EcoPure,Vegan,VM,BAG,1129,PhaseOut,VN
SKU00107,VitalMeal,Classic,VM,BAG,1369,New,BR
SKU00110,VitalMeal,Kids,NB,BOX,863,PhaseOut,BR
SKU00113,EcoPure,Kids,EP,BOX,716,Active,VN
SKU00114,FreshBite,Zero,VM,BOX,311,Active,MA
SKU00115,VitalMeal,Kids,EP,BAG,1858,New,VN
SKU00116,NutriBox,Zero,VM,BOX,1493,Active,VN
SKU00118,VitalMeal,Vegan,FB,BOX,1314,New,BR
SKU00121,NutriBox,Vegan,VM,BAG,819,Active,MA
SKU00122,EcoPure,Kids,VM,BAG,1834,Active,VN
SKU00123,FreshBite,Kids,EP,SACH,1662,PhaseOut,VN
SKU00124,NutriBox,Kids,VM,BOX,229,Active,BR
SKU00125,VitalMeal,Zero,EP,SACH,115,PhaseOut,BR
SKU00126,EcoPure,Zero,EP,BAG,869,New,FR
SKU00127,NutriBox,Zero,EP,BOX,1421,PhaseOut,FR
SKU00129,VitalMeal,Vegan,VM,BOX,523,Active,VN
SKU00130,VitalMeal,Vegan,FB,BOX,583,New,FR
SKU00131,NutriBox,Vegan,FB,SACH,1440,New,FR
SKU00133,NutriBox,Kids,EP,SACH,488,New,MA
SKU00134,FreshBite,Zero,FB,BAG,884,Active,BR
SKU00136,NutriBox,Vegan,VM,BAG,1517,Active,VN
SKU00137,NutriBox,Zero,FB,BAG,491,Active,FR
SKU00138,FreshBite,Zero,EP,BOX,445,New,VN
SKU00140,VitalMeal,Vegan,EP,BOX,1654,Active,VN
SKU00141,NutriBox,Kids,FB,BAG,133,PhaseOut,VN
SKU00142,VitalMeal,Classic,FB,BAG,1688,PhaseOut,MA
SKU00144,VitalMeal,Classic,NB,BOX,1086,Active,BR
SKU00145,FreshBite,Vegan,FB,BAG,1882,New,VN
SKU00147,FreshBite,Vegan,FB,BAG,742,PhaseOut,BR
SKU00151,FreshBite,Classic,EP,BOX,1193,PhaseOut,BR
SKU00152,NutriBox,Kids,NB,BOX,1019,Active,MA
SKU00155,EcoPure,Classic,FB,BOX,89,PhaseOut,FR
SKU00157,EcoPure,Kids,FB,SACH,1409,PhaseOut,VN
SKU00158,NutriBox,Vegan,NB,SACH,689,PhaseOut,FR
SKU00159,VitalMeal,Kids,NB,SACH,222,New,MA
SKU00161,NutriBox,Zero,FB,SACH,308,PhaseOut,VN
SKU00162,VitalMeal,Zero,NB,SACH,1961,PhaseOut,MA
SKU00164,EcoPure,Zero,FB,BOX,779,PhaseOut,MA
SKU00165,NutriBox,Classic,VM,SACH,572,PhaseOut,MA
SKU00166,VitalMeal,Kids,EP,SACH,1967,PhaseOut,VN
SKU00167,FreshBite,Kids,EP,SACH,888,PhaseOut,VN
SKU00168,FreshBite,Classic,EP,BAG,166,PhaseOut,MA
SKU00170,VitalMeal,Vegan,VM,BOX,1979,Active,VN
SKU00172,FreshBite,Zero,VM,SACH,1189,Active,BR
SKU00173,VitalMeal,Vegan,VM,SACH,211,New,BR
SKU00174,VitalMeal,Vegan,VM,BAG,1652,Active,VN
SKU00175,EcoPure,Classic,EP,BOX,1785,PhaseOut,FR
SKU00176,FreshBite,Classic,EP,SACH,592,PhaseOut,BR
SKU00177,FreshBite,Zero,EP,BOX,1660,Active,BR
SKU00178,NutriBox,Vegan,VM,BAG,1310,PhaseOut,BR
SKU00179,FreshBite,Vegan,EP,BAG,888,New,FR
SKU00180,NutriBox,Classic,VM,BAG,1139,New,FR
SKU00181,FreshBite,Vegan,NB,BOX,1143,PhaseOut,VN
SKU00183,FreshBite,Classic,FB,SACH,496,New,BR
SKU00184,NutriBox,Zero,EP,BAG,465,Active,FR
SKU00187,FreshBite,Zero,VM,BOX,787,PhaseOut,VN
SKU00188,FreshBite,Classic,NB,BAG,513,Active,FR
SKU00189,EcoPure,Kids,FB,BOX,1994,PhaseOut,VN
SKU00190,FreshBite,Kids,FB,BAG,445,PhaseOut,VN
SKU00193,FreshBite,Kids,VM,BAG,1730,PhaseOut,FR
SKU00195,EcoPure,Zero,FB,SACH,444,PhaseOut,VN
SKU00196,EcoPure,Kids,EP,SACH,375,New,FR
SKU00198,NutriBox,Kids,EP,SACH,1992,PhaseOut,BR
SKU00201,VitalMeal,Vegan,FB,SACH,1143,Active,FR
SKU00202,FreshBite,Kids,FB,SACH,1239,PhaseOut,MA
SKU00203,NutriBox,Classic,NB,SACH,691,PhaseOut,FR
SKU00204,VitalMeal,Kids,VM,BAG,263,PhaseOut,BR
SKU00205,NutriBox,Zero,NB,BOX,1925,New,BR
SKU00206,VitalMeal,Classic,FB,BOX,1674,New,BR
SKU00208,EcoPure,Kids,FB,BAG,1837,New,VN
SKU00209,NutriBox,Kids,NB,BAG,418,Active,BR
SKU00210,FreshBite,Zero,EP,BAG,1934,New,MA
SKU00212,NutriBox,Zero,EP,BAG,1750,PhaseOut,FR
SKU00213,FreshBite,Kids,EP,BOX,98,New,VN
SKU00215,NutriBox,Vegan,EP,BOX,1362,New,VN
SKU00216,VitalMeal,Zero,EP,SACH,1863,PhaseOut,VN
SKU00218,VitalMeal,Vegan,FB,SACH,1312,New,FR
SKU00220,FreshBite,Zero,EP,BOX,1048,PhaseOut,VN
SKU00221,FreshBite,Classic,VM,SACH,835,PhaseOut,BR
SKU00223,VitalMeal,Vegan,EP,BAG,1447,New,MA
SKU00228,NutriBox,Vegan,NB,BOX,528,New,FR
SKU00230,EcoPure,Vegan,FB,BAG,699,Active,BR
SKU00231,VitalMeal,Zero,NB,BAG,1664,Active,FR
SKU00233,VitalMeal,Kids,FB,SACH,1708,PhaseOut,FR
SKU00234,VitalMeal,Kids,FB,BAG,737,Active,FR
SKU00235,VitalMeal,Zero,NB,BOX,1373,Active,VN
SKU00236,EcoPure,Vegan,FB,BOX,131,New,FR
SKU00238,FreshBite,Kids,VM,BAG,274,Active,BR
SKU00239,VitalMeal,Zero,VM,SACH,65,New,VN
SKU00241,FreshBite,Zero,EP,SACH,1431,PhaseOut,BR
SKU00242,VitalMeal,Vegan,FB,BAG,212,PhaseOut,VN
SKU00243,NutriBox,Classic,FB,SACH,1683,New,FR
SKU00244,FreshBite,Classic,NB,SACH,1741,Active,BR
SKU00245,EcoPure,Zero,FB,BOX,563,PhaseOut,VN
SKU00247,NutriBox,Classic,EP,BOX,1982,PhaseOut,FR
SKU00250,EcoPure,Kids,VM,BOX,1900,Active,VN
SKU00251,NutriBox,Classic,FB,BAG,1910,Active,VN
SKU00252,VitalMeal,Vegan,NB,BAG,1448,Active,VN
SKU00253,NutriBox,Zero,NB,SACH,1165,PhaseOut,FR
SKU00255,FreshBite,Vegan,FB,BOX,792,New,FR
SKU00256,FreshBite,Classic,EP,BAG,1374,PhaseOut,VN
SKU00257,EcoPure,Kids,NB,SACH,709,PhaseOut,FR
SKU00258,VitalMeal,Zero,NB,SACH,1865,New,FR
SKU00259,FreshBite,Vegan,VM,BOX,1262,New,MA
SKU00260,NutriBox,Zero,FB,SACH,1932,PhaseOut,BR
SKU00261,EcoPure,Classic,NB,BAG,1935,PhaseOut,FR
SKU00262,NutriBox,Vegan,VM,SACH,1387,Active,VN
SKU00263,NutriBox,Classic,FB,BOX,542,Active,MA
SKU00265,EcoPure,Kids,FB,BAG,1995,PhaseOut,VN
SKU00266,VitalMeal,Zero,FB,BOX,177,New,FR
SKU00267,VitalMeal,Vegan,NB,BAG,1592,Active,FR
SKU00268,FreshBite,Classic,NB,BOX,1499,Active,BR
SKU00270,EcoPure,Vegan,NB,BOX,614,Active,FR
SKU00271,VitalMeal,Classic,NB,BOX,1260,PhaseOut,BR
SKU00274,NutriBox,Kids,VM,SACH,520,PhaseOut,BR
SKU00275,VitalMeal,Kids,FB,BOX,1037,Active,BR
SKU00277,EcoPure,Vegan,VM,BOX,1638,New,VN
SKU00281,VitalMeal,Zero,NB,BOX,609,PhaseOut,BR
SKU00283,FreshBite,Zero,VM,BOX,1220,Active,MA
SKU00285,FreshBite,Kids,FB,BOX,1649,Active,FR
SKU00286,NutriBox,Zero,VM,BAG,398,New,FR
SKU00287,NutriBox,Classic,NB,BAG,231,New,VN
SKU00288,NutriBox,Zero,EP,BAG,686,New,MA
SKU00289,VitalMeal,Kids,NB,BOX,1067,New,VN
SKU00291,FreshBite,Classic,EP,BAG,1112,PhaseOut,FR
SKU00293,EcoPure,Classic,FB,SACH,943,Active,BR
SKU00294,EcoPure,Kids,VM,SACH,1076,PhaseOut,MA
SKU00295,VitalMeal,Kids,VM,BOX,1065,New,BR
SKU00296,EcoPure,Vegan,NB,BOX,113,Active,VN
SKU00298,NutriBox,Classic,FB,SACH,421,PhaseOut,MA
SKU00299,VitalMeal,Classic,VM,BAG,1596,Active,BR
SKU00300,NutriBox,Kids,EP,BAG,146,Active,FR
SKU00302,FreshBite,Kids,EP,SACH,1515,New,VN
SKU00303,EcoPure,Kids,FB,SACH,1276,Active,FR
SKU00304,EcoPure,Classic,VM,BOX,1484,New,FR
SKU00305,NutriBox,Vegan,NB,BOX,1042,PhaseOut,FR
SKU00306,VitalMeal,Classic,VM,BAG,70,New,MA
SKU00308,VitalMeal,Classic,NB,SACH,784,PhaseOut,VN
SKU00309,EcoPure,Kids,NB,SACH,1175,New,BR
SKU00310,VitalMeal,Classic,EP,BOX,1119,PhaseOut,FR
SKU00311,FreshBite,Classic,NB,BAG,115,New,FR
SKU00312,VitalMeal,Classic,NB,BAG,652,Active,BR
SKU00317,NutriBox,Vegan,NB,SACH,1778,Active,FR
SKU00318,FreshBite,Vegan,NB,SACH,496,Active,MA
SKU00319,EcoPure,Zero,EP,BOX,660,PhaseOut,BR
SKU00320,VitalMeal,Kids,FB,SACH,1364,PhaseOut,MA
SKU00321,NutriBox,Vegan,EP,BAG,720,PhaseOut,MA
SKU00322,VitalMeal,Classic,VM,SACH,1485,Active,VN
SKU00323,EcoPure,Kids,EP,BOX,664,New,VN
SKU00327,FreshBite,Classic,FB,BOX,1559,Active,FR
SKU00328,VitalMeal,Vegan,NB,SACH,645,Active,BR
SKU00329,VitalMeal,Classic,NB,SACH,752,Active,FR
SKU00330,NutriBox,Kids,EP,SACH,1124,PhaseOut,VN
SKU00331,NutriBox,Zero,NB,BAG,1971,Active,FR
SKU00332,VitalMeal,Classic,VM,BOX,259,PhaseOut,BR
SKU00333,FreshBite,Classic,VM,SACH,175,PhaseOut,BR
SKU00334,EcoPure,Vegan,FB,BAG,541,PhaseOut,FR
SKU00335,VitalMeal,Vegan,VM,BAG,1582,PhaseOut,BR
SKU00336,NutriBox,Zero,EP,BAG,1009,Active,FR
SKU00337,FreshBite,Classic,FB,SACH,1019,PhaseOut,BR
SKU00338,VitalMeal,Classic,VM,SACH,630,Active,FR
SKU00339,VitalMeal,Vegan,EP,SACH,826,Active,FR
SKU00340,FreshBite,Classic,VM,SACH,307,PhaseOut,FR
SKU00341,VitalMeal,Classic,VM,SACH,1261,Active,MA
SKU00344,FreshBite,Zero,VM,SACH,1488,Active,FR
SKU00345,FreshBite,Kids,EP,SACH,59,PhaseOut,MA
SKU00346,FreshBite,Zero,EP,BAG,1187,PhaseOut,VN
SKU00347,VitalMeal,Kids,NB,SACH,1149,Active,FR
SKU00348,VitalMeal,Classic,VM,BOX,725,PhaseOut,VN
SKU00349,FreshBite,Zero,NB,BAG,551,New,MA
SKU00350,VitalMeal,Kids,VM,SACH,134,New,VN
SKU00351,NutriBox,Vegan,FB,BOX,98,PhaseOut,FR
SKU00353,VitalMeal,Zero,NB,BOX,887,New,VN
SKU00355,FreshBite,Classic,NB,BOX,738,Active,MA
SKU00356,EcoPure,Zero,EP,BOX,436,PhaseOut,MA
SKU00359,FreshBite,Vegan,NB,BOX,1055,Active,VN
SKU00360,VitalMeal,Vegan,VM,SACH,267,New,BR
SKU00361,NutriBox,Kids,FB,BOX,1774,PhaseOut,VN
SKU00362,NutriBox,Vegan,NB,BAG,1054,New,MA
SKU00365,FreshBite,Vegan,NB,BAG,304,PhaseOut,BR
SKU00366,EcoPure,Kids,NB,SACH,285,Active,MA
SKU00367,EcoPure,Zero,EP,BOX,1099,PhaseOut,BR
SKU00368,FreshBite,Kids,VM,BOX,1657,New,VN
SKU00371,VitalMeal,Zero,NB,SACH,320,New,VN
SKU00372,EcoPure,Classic,VM,SACH,172,PhaseOut,BR
SKU00373,VitalMeal,Kids,EP,SACH,705,New,FR
SKU00374,NutriBox,Kids,EP,BAG,1330,PhaseOut,FR
SKU00376,VitalMeal,Zero,NB,BOX,1494,Active,MA
SKU00377,NutriBox,Kids,FB,BAG,308,Active,FR
SKU00378,EcoPure,Vegan,FB,BOX,997,PhaseOut,FR
SKU00380,VitalMeal,Zero,NB,SACH,912,New,MA
SKU00384,NutriBox,Kids,VM,BAG,1384,PhaseOut,BR
SKU00385,VitalMeal,Classic,NB,SACH,796,PhaseOut,MA
SKU00386,FreshBite,Kids,FB,BAG,198,Active,BR
SKU00387,FreshBite,Zero,NB,BAG,1907,PhaseOut,VN
SKU00388,NutriBox,Classic,VM,BAG,487,New,BR
SKU00389,NutriBox,Vegan,EP,BOX,204,Active,BR
SKU00390,FreshBite,Zero,VM,BAG,1751,New,FR
SKU00392,VitalMeal,Zero,EP,BOX,1771,Active,FR
SKU00393,VitalMeal,Classic,NB,SACH,1903,PhaseOut,VN
SKU00399,NutriBox,Zero,NB,BAG,825,Active,VN
SKU00400,VitalMeal,Zero,VM,BOX,1682,PhaseOut,BR
SKU00401,VitalMeal,Zero,VM,BAG,678,Active,BR
SKU00402,FreshBite,Classic,EP,SACH,1272,PhaseOut,BR
SKU00403,NutriBox,Zero,VM,BOX,881,Active,FR
SKU00404,VitalMeal,Kids,FB,SACH,535,New,MA
SKU00405,VitalMeal,Vegan,EP,SACH,582,Active,VN
SKU00406,EcoPure,Kids,NB,SACH,249,New,FR
SKU00407,VitalMeal,Classic,EP,BAG,420,Active,FR
SKU00409,EcoPure,Vegan,FB,SACH,902,PhaseOut,BR
SKU00411,VitalMeal,Classic,NB,BOX,297,Active,VN
SKU00414,FreshBite,Classic,EP,BAG,1131,PhaseOut,MA
SKU00415,NutriBox,Classic,FB,BOX,1375,New,MA
SKU00416,NutriBox,Vegan,VM,SACH,80,PhaseOut,VN
SKU00420,EcoPure,Classic,NB,BAG,1850,New,BR
SKU00421,EcoPure,Kids,FB,BAG,1344,Active,MA
SKU00423,FreshBite,Classic,FB,BAG,1739,New,MA
SKU00424,VitalMeal,Zero,VM,BOX,1467,PhaseOut,BR
SKU00425,NutriBox,Zero,NB,BAG,1870,Active,FR
SKU00427,VitalMeal,Zero,VM,BAG,1665,New,VN
SKU00428,NutriBox,Zero,VM,SACH,1877,Active,FR
SKU00429,VitalMeal,Kids,VM,SACH,1157,New,FR
SKU00431,EcoPure,Vegan,NB,BAG,935,New,VN
SKU00432,NutriBox,Classic,VM,BAG,598,New,MA
SKU00433,VitalMeal,Classic,NB,SACH,1415,Active,MA
SKU00437,VitalMeal,Classic,FB,BOX,1817,Active,VN
SKU00439,FreshBite,Classic,VM,SACH,897,New,BR
SKU00440,NutriBox,Classic,FB,SACH,663,New,FR
SKU00441,VitalMeal,Vegan,VM,BOX,461,New,FR
SKU00442,NutriBox,Classic,NB,BAG,481,Active,BR
SKU00444,VitalMeal,Kids,NB,BAG,208,PhaseOut,BR
SKU00445,FreshBite,Zero,VM,BAG,63,Active,MA
SKU00446,FreshBite,Classic,VM,BAG,422,New,FR
SKU00447,EcoPure,Zero,NB,BOX,274,Active,FR
SKU00448,FreshBite,Zero,EP,BAG,1578,PhaseOut,FR
SKU00449,EcoPure,Kids,FB,SACH,1146,Active,BR
SKU00450,EcoPure,Zero,VM,BOX,1322,New,BR
SKU00451,EcoPure,Vegan,VM,SACH,560,PhaseOut,BR
SKU00452,EcoPure,Zero,FB,SACH,652,PhaseOut,BR
SKU00454,NutriBox,Zero,NB,SACH,1675,New,BR
SKU00458,FreshBite,Vegan,VM,BAG,1293,Active,BR
SKU00459,FreshBite,Classic,NB,SACH,889,New,FR
SKU00461,NutriBox,Classic,VM,SACH,1294,Active,FR
SKU00462,EcoPure,Kids,FB,BOX,1462,PhaseOut,BR
SKU00463,NutriBox,Zero,VM,BOX,603,Active,BR
SKU00464,VitalMeal,Zero,EP,SACH,1720,PhaseOut,FR
SKU00466,VitalMeal,Classic,EP,SACH,725,New,FR
SKU00467,NutriBox,Classic,VM,BOX,922,Active,FR
SKU00468,NutriBox,Vegan,NB,BAG,332,Active,MA
SKU00469,VitalMeal,Classic,FB,SACH,1131,New,FR
SKU00470,NutriBox,Kids,NB,BAG,1887,Active,BR
SKU00471,VitalMeal,Zero,VM,BAG,883,New,BR
SKU00473,VitalMeal,Vegan,VM,BAG,1146,PhaseOut,FR
SKU00475,VitalMeal,Vegan,FB,BAG,972,New,MA
SKU00476,NutriBox,Kids,FB,SACH,1202,Active,BR
SKU00477,VitalMeal,Classic,VM,SACH,1672,PhaseOut,MA
SKU00478,NutriBox,Classic,VM,BOX,891,PhaseOut,MA
SKU00481,EcoPure,Kids,NB,BAG,714,New,FR
SKU00482,NutriBox,Classic,FB,SACH,1767,PhaseOut,VN
SKU00484,NutriBox,Kids,VM,BAG,116,PhaseOut,BR
SKU00485,EcoPure,Zero,FB,BAG,55,Active,BR
SKU00487,VitalMeal,Vegan,NB,BAG,363,Active,VN
SKU00489,NutriBox,Kids,NB,BAG,614,Active,MA
SKU00491,NutriBox,Zero,FB,BOX,875,Active,FR
SKU00492,NutriBox,Zero,NB,BOX,555,PhaseOut,BR
SKU00493,EcoPure,Zero,FB,BAG,1155,PhaseOut,BR
SKU00494,NutriBox,Zero,FB,BAG,1672,PhaseOut,FR
SKU00495,FreshBite,Classic,NB,BOX,1075,New,FR
SKU00496,FreshBite,Vegan,NB,BOX,253,Active,FR
SKU00497,VitalMeal,Classic,VM,BOX,711,New,MA
SKU00499,VitalMeal,Kids,VM,BAG,453,PhaseOut,BR
SKU00500,FreshBite,Kids,FB,SACH,1176,Active,MA
SKU00501,NutriBox,Zero,FB,BOX,585,Active,MA
SKU00502,NutriBox,Zero,VM,BAG,1441,Active,VN
SKU00503,VitalMeal,Kids,FB,BOX,1285,New,MA
SKU00504,FreshBite,Classic,FB,BAG,626,Active,VN
SKU00506,VitalMeal,Zero,NB,BAG,812,Active,BR
SKU00507,FreshBite,Classic,FB,SACH,1970,New,FR
SKU00510,NutriBox,Zero,VM,BAG,798,Active,FR
SKU00512,FreshBite,Classic,VM,BOX,154,PhaseOut,FR
SKU00514,EcoPure,Kids,FB,BOX,1844,Active,BR
SKU00515,FreshBite,Kids,FB,BAG,95,PhaseOut,VN
SKU00517,EcoPure,Vegan,EP,BAG,1404,PhaseOut,BR
SKU00518,VitalMeal,Kids,EP,BOX,1289,Active,BR
SKU00519,EcoPure,Vegan,EP,BAG,1031,PhaseOut,MA
SKU00520,VitalMeal,Zero,NB,SACH,1009,PhaseOut,VN
SKU00521,FreshBite,Zero,EP,BAG,1565,Active,VN
SKU00522,EcoPure,Zero,NB,BOX,1886,New,MA
SKU00523,FreshBite,Kids,VM,SACH,1995,PhaseOut,VN
SKU00524,EcoPure,Vegan,VM,BAG,894,New,FR
SKU00525,FreshBite,Vegan,NB,SACH,498,PhaseOut,FR
SKU00526,FreshBite,Classic,FB,BAG,585,Active,VN
SKU00527,EcoPure,Classic,VM,SACH,560,New,MA
SKU00529,EcoPure,Vegan,NB,BAG,1620,New,VN
SKU00530,NutriBox,Vegan,EP,BAG,1609,New,BR
SKU00533,NutriBox,Classic,EP,BOX,65,New,MA
SKU00535,EcoPure,Vegan,VM,SACH,292,New,FR
SKU00537,FreshBite,Kids,EP,BAG,961,Active,MA
SKU00538,NutriBox,Vegan,NB,BAG,1344,New,VN
SKU00539,EcoPure,Vegan,EP,BAG,810,PhaseOut,FR
SKU00541,EcoPure,Kids,EP,BAG,754,Active,BR
SKU00542,FreshBite,Classic,EP,BAG,1920,PhaseOut,BR
SKU00543,EcoPure,Classic,EP,BAG,1803,Active,VN
SKU00546,NutriBox,Zero,EP,BAG,1372,Active,MA
SKU00547,VitalMeal,Zero,EP,BOX,1910,Active,BR
SKU00548,EcoPure,Classic,EP,BAG,1556,PhaseOut,BR
SKU00549,FreshBite,Kids,EP,BAG,446,Active,BR
SKU00551,VitalMeal,Classic,FB,BOX,1148,New,MA
SKU00552,NutriBox,Kids,EP,BOX,1027,New,BR
SKU00553,VitalMeal,Zero,FB,BOX,1555,Active,VN
SKU00554,NutriBox,Vegan,EP,BOX,1176,PhaseOut,FR
SKU00555,VitalMeal,Classic,EP,BAG,346,New,VN
SKU00556,VitalMeal,Vegan,NB,BAG,1051,Active,FR
SKU00557,EcoPure,Kids,VM,SACH,227,New,VN
SKU00558,VitalMeal,Vegan,VM,SACH,1288,New,FR
SKU00559,EcoPure,Kids,NB,BOX,1016,PhaseOut,FR
SKU00560,VitalMeal,Kids,FB,SACH,364,New,FR
SKU00561,FreshBite,Zero,VM,SACH,1112,PhaseOut,FR
SKU00563,FreshBite,Zero,NB,BOX,1789,New,VN
SKU00564,VitalMeal,Zero,VM,SACH,56,Active,FR
SKU00566,EcoPure,Classic,NB,SACH,1611,Active,BR
SKU00567,VitalMeal,Classic,EP,SACH,210,New,FR
SKU00568,FreshBite,Kids,FB,BAG,1942,PhaseOut,VN
SKU00569,FreshBite,Zero,FB,BAG,225,New,MA
SKU00570,EcoPure,Classic,VM,BOX,1664,Active,VN
SKU00571,FreshBite,Zero,VM,BOX,1075,PhaseOut,FR
SKU00574,FreshBite,Vegan,VM,BOX,504,New,BR
SKU00575,EcoPure,Kids,VM,SACH,1717,PhaseOut,MA
SKU00576,NutriBox,Zero,FB,BAG,325,New,VN
SKU00577,EcoPure,Vegan,VM,SACH,547,Active,VN
SKU00578,EcoPure,Classic,VM,BOX,1702,PhaseOut,MA
SKU00580,EcoPure,Vegan,VM,BAG,1873,PhaseOut,MA
SKU00584,EcoPure,Zero,NB,BOX,1261,New,VN
SKU00585,FreshBite,Classic,VM,SACH,105,New,VN
SKU00586,EcoPure,Zero,FB,SACH,596,New,BR
SKU00587,FreshBite,Kids,NB,SACH,1185,PhaseOut,MA
SKU00588,VitalMeal,Kids,NB,BAG,1871,Active,VN
SKU00589,NutriBox,Kids,EP,SACH,1383,PhaseOut,MA
SKU00590,NutriBox,Kids,FB,SACH,85,PhaseOut,FR
SKU00591,VitalMeal,Zero,FB,BOX,488,Active,MA
SKU00593,VitalMeal,Zero,EP,SACH,1665,PhaseOut,BR
SKU00594,VitalMeal,Classic,EP,SACH,1899,Active,MA
SKU00595,VitalMeal,Kids,EP,BOX,644,New,BR
SKU00597,FreshBite,Classic,EP,BAG,1398,PhaseOut,FR
SKU00598,VitalMeal,Zero,VM,BAG,1713,New,VN
SKU00599,EcoPure,Vegan,VM,BAG,356,New,BR
SKU00602,VitalMeal,Vegan,FB,SACH,668,New,MA
SKU00603,EcoPure,Zero,NB,SACH,1182,Active,BR
SKU00604,FreshBite,Zero,EP,BOX,1445,New,MA
SKU00605,FreshBite,Classic,NB,BOX,406,PhaseOut,FR
SKU00606,FreshBite,Zero,FB,BOX,230,Active,BR
SKU00609,VitalMeal,Zero,VM,BOX,117,Active,MA
SKU00610,NutriBox,Classic,EP,SACH,341,Active,MA
SKU00611,EcoPure,Vegan,EP,BAG,741,PhaseOut,BR
SKU00614,EcoPure,Zero,NB,BOX,483,PhaseOut,MA
SKU00615,FreshBite,Classic,EP,SACH,1537,PhaseOut,BR
SKU00616,NutriBox,Classic,VM,BOX,1754,Active,VN
SKU00617,VitalMeal,Zero,EP,SACH,963,PhaseOut,BR
SKU00619,FreshBite,Kids,VM,SACH,115,Active,BR
SKU00621,EcoPure,Classic,EP,SACH,1685,PhaseOut,BR
SKU00623,EcoPure,Vegan,FB,BAG,1885,PhaseOut,BR
SKU00625,EcoPure,Kids,NB,BOX,1632,PhaseOut,BR
SKU00626,NutriBox,Zero,FB,BAG,88,PhaseOut,VN
SKU00627,EcoPure,Kids,VM,BAG,1358,PhaseOut,FR
SKU00628,FreshBite,Vegan,VM,SACH,871,PhaseOut,VN
SKU00629,FreshBite,Kids,EP,BAG,651,New,BR
SKU00630,NutriBox,Kids,EP,SACH,1670,New,FR
SKU00632,NutriBox,Zero,EP,SACH,1409,PhaseOut,VN
SKU00635,EcoPure,Vegan,NB,SACH,1316,Active,BR
SKU00636,NutriBox,Kids,EP,BOX,1146,Active,BR
SKU00637,FreshBite,Zero,VM,BOX,528,New,VN
SKU00638,EcoPure,Classic,NB,BAG,610,New,BR
SKU00639,VitalMeal,Vegan,VM,BOX,150,Active,FR
SKU00641,EcoPure,Classic,VM,BOX,1829,PhaseOut,MA
SKU00642,VitalMeal,Vegan,EP,SACH,225,New,VN
SKU00643,NutriBox,Classic,FB,BOX,287,New,BR
SKU00645,NutriBox,Kids,NB,SACH,1132,Active,MA
SKU00646,NutriBox,Zero,VM,BOX,1938,New,MA
SKU00647,NutriBox,Classic,EP,SACH,1172,PhaseOut,BR
SKU00648,VitalMeal,Vegan,VM,BOX,920,Active,FR
SKU00651,VitalMeal,Zero,FB,SACH,1587,PhaseOut,FR
SKU00652,FreshBite,Kids,VM,BAG,804,PhaseOut,VN
SKU00653,NutriBox,Classic,VM,SACH,1370,Active,MA
SKU00654,EcoPure,Vegan,FB,BAG,260,Active,VN
SKU00655,NutriBox,Vegan,EP,SACH,1196,Active,FR
SKU00656,FreshBite,Kids,NB,BOX,1302,New,VN
SKU00657,FreshBite,Vegan,FB,SACH,1667,Active,MA
SKU00659,EcoPure,Vegan,NB,BOX,1461,Active,VN
SKU00661,FreshBite,Classic,VM,BAG,590,PhaseOut,MA
SKU00662,NutriBox,Zero,NB,SACH,1464,New,FR
SKU00664,NutriBox,Classic,EP,BOX,1832,New,BR
SKU00665,NutriBox,Classic,VM,BAG,1085,New,BR
SKU00666,EcoPure,Zero,NB,SACH,1940,PhaseOut,VN
SKU00667,VitalMeal,Classic,EP,SACH,1462,New,VN
SKU00670,NutriBox,Vegan,FB,SACH,1179,Active,BR
SKU00671,EcoPure,Vegan,EP,BAG,81,PhaseOut,FR
SKU00672,EcoPure,Classic,FB,SACH,1147,PhaseOut,VN
SKU00673,EcoPure,Zero,NB,SACH,1244,PhaseOut,FR
SKU00674,VitalMeal,Vegan,VM,BOX,1922,PhaseOut,MA
SKU00675,NutriBox,Zero,NB,BOX,1142,Active,MA
SKU00676,VitalMeal,Zero,NB,SACH,862,New,VN
SKU00677,VitalMeal,Classic,FB,SACH,411,New,MA
SKU00678,EcoPure,Vegan,NB,SACH,1722,Active,FR
SKU00679,EcoPure,Classic,FB,SACH,1506,New,FR
SKU00680,VitalMeal,Classic,VM,SACH,978,Active,MA
SKU00683,VitalMeal,Kids,EP,SACH,58,PhaseOut,FR
SKU00684,NutriBox,Kids,FB,BAG,1647,PhaseOut,BR
SKU00688,FreshBite,Zero,FB,BAG,1187,New,MA
SKU00690,EcoPure,Zero,EP,SACH,970,Active,VN
SKU00693,VitalMeal,Classic,NB,BAG,681,New,VN
SKU00695,VitalMeal,Kids,NB,BOX,206,Active,MA
SKU00697,EcoPure,Classic,NB,BOX,1934,PhaseOut,VN
SKU00699,FreshBite,Kids,EP,SACH,131,Active,BR
SKU00701,VitalMeal,Classic,NB,SACH,1514,Active,BR
SKU00702,NutriBox,Kids,EP,SACH,1245,Active,VN
SKU00703,VitalMeal,Classic,NB,SACH,1304,New,BR
SKU00705,NutriBox,Zero,EP,BOX,124,PhaseOut,VN
SKU00706,VitalMeal,Classic,NB,BOX,1343,Active,FR
SKU00707,VitalMeal,Vegan,VM,BAG,1972,New,VN
SKU00709,VitalMeal,Classic,FB,BAG,111,New,VN
SKU00710,FreshBite,Classic,EP,SACH,923,PhaseOut,FR
SKU00711,EcoPure,Kids,FB,SACH,369,Active,VN
SKU00712,NutriBox,Zero,FB,BOX,151,Active,FR
SKU00713,VitalMeal,Kids,NB,BOX,1502,Active,VN
SKU00714,VitalMeal,Classic,NB,BAG,923,PhaseOut,FR
SKU00717,VitalMeal,Kids,NB,BOX,304,New,VN
SKU00718,VitalMeal,Classic,NB,BOX,1605,Active,FR
SKU00719,VitalMeal,Kids,EP,BOX,619,PhaseOut,MA
SKU00720,EcoPure,Zero,EP,BAG,161,PhaseOut,VN
SKU00722,VitalMeal,Zero,NB,BOX,1386,Active,VN
SKU00723,NutriBox,Vegan,NB,BAG,1047,New,BR
SKU00724,NutriBox,Zero,NB,SACH,510,New,FR
SKU00726,FreshBite,Classic,NB,SACH,936,Active,VN
SKU00727,FreshBite,Zero,VM,BAG,1535,Active,VN
SKU00728,NutriBox,Vegan,FB,BAG,1938,New,VN
SKU00731,NutriBox,Zero,NB,BOX,1878,PhaseOut,BR
SKU00732,NutriBox,Vegan,FB,SACH,569,New,FR
SKU00734,EcoPure,Zero,EP,SACH,1171,PhaseOut,VN
SKU00735,FreshBite,Zero,FB,BAG,285,New,MA
SKU00736,VitalMeal,Classic,FB,SACH,1974,PhaseOut,VN
SKU00737,NutriBox,Vegan,NB,SACH,1447,PhaseOut,VN
SKU00738,NutriBox,Zero,VM,BOX,1654,PhaseOut,VN
SKU00740,FreshBite,Zero,FB,BOX,606,Active,VN
SKU00741,EcoPure,Kids,FB,BAG,698,New,FR
SKU00743,NutriBox,Zero,EP,SACH,1105,Active,MA
SKU00744,FreshBite,Kids,VM,BOX,1362,New,VN
SKU00745,EcoPure,Zero,NB,BAG,1711,New,MA
SKU00750,VitalMeal,Vegan,EP,SACH,1102,New,FR
SKU00751,NutriBox,Vegan,VM,BAG,692,PhaseOut,BR
SKU00753,EcoPure,Vegan,EP,BOX,746,New,BR
SKU00754,EcoPure,Kids,VM,BOX,302,Active,BR
SKU00755,EcoPure,Zero,NB,SACH,1871,PhaseOut,MA
SKU00756,EcoPure,Zero,NB,BAG,954,PhaseOut,MA
SKU00758,NutriBox,Classic,NB,SACH,435,New,MA
SKU00759,FreshBite,Vegan,VM,BAG,111,New,FR
SKU00761,EcoPure,Kids,VM,SACH,479,Active,VN
SKU00762,NutriBox,Classic,FB,SACH,629,Active,VN
SKU00763,EcoPure,Kids,EP,BOX,1610,New,FR
SKU00768,VitalMeal,Kids,VM,BOX,724,PhaseOut,BR
SKU00771,NutriBox,Vegan,FB,BAG,1466,Active,BR
SKU00772,NutriBox,Kids,NB,BOX,1715,PhaseOut,MA
SKU00777,VitalMeal,Kids,FB,BAG,625,Active,FR
SKU00778,VitalMeal,Kids,VM,BOX,80,PhaseOut,MA
SKU00779,FreshBite,Kids,FB,SACH,96,PhaseOut,VN
SKU00780,NutriBox,Kids,NB,BOX,179,New,BR
SKU00782,VitalMeal,Classic,EP,BAG,1027,Active,MA
SKU00783,VitalMeal,Zero,NB,SACH,1918,New,BR
SKU00784,EcoPure,Classic,VM,BOX,1695,PhaseOut,VN
SKU00785,NutriBox,Kids,VM,BOX,1654,Active,MA
SKU00786,FreshBite,Zero,EP,BOX,107,New,VN
SKU00787,VitalMeal,Zero,VM,BAG,1179,New,BR
SKU00788,VitalMeal,Zero,FB,BOX,861,Active,FR
SKU00789,FreshBite,Kids,EP,SACH,1403,New,MA
SKU00791,VitalMeal,Kids,NB,BAG,1897,New,BR
SKU00792,NutriBox,Classic,FB,BOX,732,PhaseOut,BR
SKU00793,VitalMeal,Classic,NB,SACH,1456,PhaseOut,MA
SKU00794,NutriBox,Kids,VM,BAG,1235,Active,FR
SKU00795,FreshBite,Kids,VM,BAG,1046,New,MA
SKU00798,NutriBox,Zero,NB,SACH,1840,New,FR
SKU00799,FreshBite,Classic,FB,BOX,1527,PhaseOut,VN
SKU00802,NutriBox,Classic,EP,SACH,1908,PhaseOut,MA
SKU00803,NutriBox,Vegan,NB,SACH,446,PhaseOut,FR
SKU00804,EcoPure,Zero,NB,SACH,1588,New,FR
SKU00805,VitalMeal,Classic,NB,BAG,75,New,FR
SKU00806,VitalMeal,Zero,NB,BOX,362,New,FR
SKU00807,NutriBox,Classic,VM,BAG,175,New,FR
SKU00808,EcoPure,Classic,EP,BOX,1481,PhaseOut,MA
SKU00809,NutriBox,Zero,EP,SACH,1638,Active,FR
SKU00812,NutriBox,Classic,EP,SACH,237,Active,FR
SKU00814,VitalMeal,Vegan,FB,BOX,1890,PhaseOut,BR
SKU00816,NutriBox,Kids,EP,SACH,765,PhaseOut,MA
SKU00817,FreshBite,Zero,NB,BAG,1557,New,MA
SKU00818,VitalMeal,Vegan,NB,BAG,499,PhaseOut,VN
SKU00819,NutriBox,Zero,VM,SACH,572,New,VN
SKU00821,VitalMeal,Zero,VM,BAG,1427,Active,MA
SKU00822,EcoPure,Vegan,FB,BAG,1035,New,FR
SKU00823,FreshBite,Zero,EP,BAG,707,PhaseOut,VN
SKU00824,VitalMeal,Vegan,FB,SACH,646,Active,MA
SKU00825,VitalMeal,Zero,VM,BAG,149,Active,FR
SKU00826,FreshBite,Vegan,VM,BAG,665,Active,FR
SKU00830,NutriBox,Classic,FB,SACH,327,Active,VN
SKU00832,FreshBite,Zero,FB,BOX,1772,PhaseOut,MA
SKU00833,VitalMeal,Kids,NB,BOX,1699,Active,MA
SKU00834,NutriBox,Vegan,NB,SACH,540,PhaseOut,VN
SKU00841,VitalMeal,Zero,NB,BAG,874,PhaseOut,BR
SKU00842,NutriBox,Kids,NB,BAG,928,New,VN
SKU00843,FreshBite,Zero,VM,SACH,1402,PhaseOut,BR
SKU00844,NutriBox,Zero,FB,BOX,1188,Active,FR
SKU00845,NutriBox,Zero,FB,BAG,1349,PhaseOut,MA
SKU00846,EcoPure,Zero,EP,SACH,1561,PhaseOut,BR
SKU00847,EcoPure,Vegan,NB,BAG,330,New,BR
SKU00850,FreshBite,Kids,FB,BOX,892,PhaseOut,VN
SKU00851,EcoPure,Zero,FB,BAG,768,Active,MA
SKU00852,NutriBox,Classic,EP,BOX,1969,PhaseOut,FR
SKU00853,FreshBite,Vegan,VM,BAG,377,Active,VN
SKU00855,NutriBox,Vegan,VM,BAG,776,Active,VN
SKU00856,FreshBite,Zero,VM,BAG,972,Active,MA
SKU00859,FreshBite,Vegan,EP,BOX,76,PhaseOut,VN
SKU00861,NutriBox,Zero,VM,BOX,1156,PhaseOut,VN
SKU00862,EcoPure,Kids,NB,SACH,1969,Active,VN
SKU00863,EcoPure,Zero,VM,BOX,731,New,VN
SKU00864,VitalMeal,Kids,FB,BOX,462,Active,MA
SKU00865,NutriBox,Zero,FB,SACH,216,Active,VN
SKU00866,NutriBox,Classic,FB,BAG,1773,New,BR
SKU00867,EcoPure,Zero,EP,BOX,218,Active,MA
SKU00869,EcoPure,Classic,VM,BAG,278,Active,MA
SKU00870,NutriBox,Zero,FB,SACH,1682,Active,FR
SKU00872,EcoPure,Kids,FB,BAG,577,New,BR
SKU00874,EcoPure,Zero,NB,SACH,1720,Active,VN
SKU00875,FreshBite,Classic,NB,SACH,1611,PhaseOut,MA
SKU00876,EcoPure,Zero,FB,SACH,1937,Active,VN
SKU00877,EcoPure,Kids,VM,BAG,573,Active,BR
SKU00878,NutriBox,Zero,EP,BAG,1145,Active,MA
SKU00879,NutriBox,Zero,EP,BOX,1718,Active,MA
SKU00880,NutriBox,Classic,NB,BAG,155,PhaseOut,MA
SKU00881,EcoPure,Kids,NB,BOX,781,PhaseOut,VN
SKU00882,FreshBite,Vegan,VM,SACH,1958,New,VN
SKU00883,VitalMeal,Vegan,VM,SACH,1014,Active,VN
SKU00884,VitalMeal,Classic,VM,BAG,1762,New,MA
SKU00885,NutriBox,Zero,FB,SACH,1355,New,MA
SKU00886,NutriBox,Classic,NB,SACH,182,Active,FR
SKU00887,EcoPure,Classic,FB,BAG,583,PhaseOut,FR
SKU00889,NutriBox,Zero,NB,BAG,318,Active,MA
SKU00891,FreshBite,Classic,NB,BAG,722,PhaseOut,VN
SKU00892,NutriBox,Zero,NB,BAG,1692,Active,FR
SKU00893,NutriBox,Kids,FB,SACH,840,Active,BR
SKU00895,VitalMeal,Vegan,FB,BAG,1820,PhaseOut,BR
SKU00896,EcoPure,Kids,VM,BOX,67,New,BR
SKU00897,VitalMeal,Classic,NB,SACH,1827,New,MA
SKU00898,FreshBite,Kids,NB,BOX,166,Active,MA
SKU00899,FreshBite,Kids,FB,BOX,847,PhaseOut,VN
SKU00900,NutriBox,Kids,VM,SACH,1867,Active,FR
SKU00901,VitalMeal,Kids,EP,SACH,1217,PhaseOut,FR
SKU00902,EcoPure,Kids,VM,SACH,1790,Active,VN
SKU00903,FreshBite,Kids,FB,BAG,600,PhaseOut,VN
SKU00906,EcoPure,Zero,FB,SACH,1761,Active,VN
SKU00907,FreshBite,Kids,EP,BOX,802,New,BR
SKU00909,EcoPure,Classic,FB,BAG,1971,PhaseOut,VN
SKU00910,FreshBite,Kids,FB,BOX,1442,Active,BR
SKU00912,NutriBox,Zero,FB,BOX,607,PhaseOut,FR
SKU00913,EcoPure,Kids,NB,SACH,99,PhaseOut,VN
SKU00915,EcoPure,Vegan,NB,BAG,155,Active,MA
SKU00919,VitalMeal,Vegan,NB,SACH,1498,Active,BR
SKU00920,NutriBox,Vegan,NB,SACH,1145,Active,MA
SKU00921,FreshBite,Vegan,NB,BAG,1037,New,MA
SKU00922,NutriBox,Vegan,NB,SACH,891,PhaseOut,MA
SKU00923,FreshBite,Classic,EP,SACH,1858,New,VN
SKU00924,NutriBox,Vegan,EP,BOX,1832,New,BR
SKU00925,FreshBite,Zero,VM,SACH,495,PhaseOut,VN
SKU00926,NutriBox,Zero,VM,SACH,1998,PhaseOut,FR
SKU00927,VitalMeal,Classic,NB,SACH,1259,Active,FR
SKU00931,VitalMeal,Zero,NB,SACH,823,PhaseOut,FR
SKU00934,VitalMeal,Kids,FB,SACH,1172,New,VN
SKU00935,NutriBox,Vegan,NB,BAG,1983,Active,VN
SKU00936,EcoPure,Classic,FB,BOX,1351,New,BR
SKU00937,NutriBox,Vegan,VM,BOX,1636,Active,MA
SKU00938,EcoPure,Vegan,NB,SACH,1736,Active,MA
SKU00939,EcoPure,Classic,NB,SACH,993,PhaseOut,MA
SKU00941,NutriBox,Classic,EP,BAG,1177,PhaseOut,FR
SKU00942,VitalMeal,Classic,FB,SACH,995,New,BR
SKU00944,NutriBox,Zero,VM,BOX,702,New,BR
SKU00946,NutriBox,Vegan,VM,BOX,282,New,FR
SKU00948,EcoPure,Kids,EP,BOX,1574,PhaseOut,MA
SKU00949,NutriBox,Kids,NB,SACH,1768,PhaseOut,FR
SKU00950,FreshBite,Kids,FB,BOX,300,New,FR
SKU00953,VitalMeal,Kids,FB,BOX,1125,Active,FR
SKU00955,FreshBite,Kids,EP,SACH,970,PhaseOut,VN
SKU00956,VitalMeal,Classic,EP,SACH,830,New,MA
SKU00958,EcoPure,Vegan,EP,BAG,1124,PhaseOut,FR
SKU00959,FreshBite,Kids,EP,BAG,1259,PhaseOut,MA
SKU00964,FreshBite,Kids,FB,BOX,1072,Active,BR
SKU00966,NutriBox,Vegan,FB,SACH,1516,Active,MA
SKU00968,EcoPure,Vegan,NB,BOX,808,Active,FR
SKU00969,FreshBite,Classic,NB,BOX,1505,PhaseOut,VN
SKU00970,VitalMeal,Kids,NB,BAG,753,Active,FR
SKU00971,FreshBite,Vegan,VM,BOX,546,New,MA
SKU00972,NutriBox,Zero,FB,BOX,1476,PhaseOut,FR
SKU00975,EcoPure,Vegan,NB,BAG,664,PhaseOut,FR
SKU00977,VitalMeal,Vegan,VM,BOX,1445,New,FR
SKU00978,VitalMeal,Kids,EP,SACH,1533,PhaseOut,FR
SKU00979,EcoPure,Zero,VM,SACH,182,New,VN
SKU00982,VitalMeal,Classic,VM,BOX,170,Active,MA
SKU00983,NutriBox,Classic,EP,SACH,655,PhaseOut,VN
SKU00984,VitalMeal,Zero,FB,BOX,1525,Active,BR
SKU00985,EcoPure,Classic,FB,BAG,1014,PhaseOut,FR
SKU00986,VitalMeal,Zero,VM,BAG,178,Active,BR
SKU00987,VitalMeal,Vegan,VM,BOX,1164,Active,BR
SKU00988,EcoPure,Zero,FB,SACH,1677,Active,VN
SKU00990,EcoPure,Vegan,EP,BAG,78,New,FR
SKU00991,VitalMeal,Classic,NB,SACH,771,Active,MA
SKU00992,EcoPure,Zero,VM,SACH,1597,New,BR
SKU00996,NutriBox,Zero,FB,SACH,1366,PhaseOut,VN
SKU00998,VitalMeal,Zero,VM,BOX,1793,Active,MA
SKU00999,FreshBite,Kids,EP,BAG,993,Active,VN
SKU01000,EcoPure,Vegan,FB,BOX,1097,Active,MA
SKU01001,FreshBite,Classic,NB,BAG,1172,New,BR
SKU01004,NutriBox,Classic,FB,BAG,188,Active,BR
SKU01005,NutriBox,Zero,EP,SACH,1576,New,VN
SKU01006,VitalMeal,Zero,VM,BAG,1899,New,BR
SKU01007,NutriBox,Classic,FB,BOX,1247,Active,VN
SKU01008,VitalMeal,Classic,FB,BOX,78,New,FR
SKU01011,NutriBox,Classic,FB,BAG,1063,PhaseOut,MA
SKU01013,FreshBite,Kids,FB,SACH,877,Active,BR
SKU01014,NutriBox,Kids,EP,BAG,400,New,FR
SKU01015,EcoPure,Classic,VM,BAG,603,PhaseOut,VN
SKU01016,EcoPure,Vegan,VM,BAG,348,PhaseOut,BR
SKU01018,VitalMeal,Kids,VM,BOX,1915,New,FR
SKU01019,NutriBox,Vegan,NB,BAG,1265,New,BR
SKU01020,FreshBite,Vegan,NB,SACH,1745,Active,BR
SKU01022,EcoPure,Kids,EP,SACH,804,New,BR
SKU01025,EcoPure,Classic,NB,SACH,1288,New,BR
SKU01026,EcoPure,Zero,FB,BOX,883,New,MA
SKU01028,NutriBox,Kids,NB,SACH,1616,PhaseOut,BR
SKU01030,FreshBite,Kids,NB,SACH,1305,New,FR
SKU01031,VitalMeal,Kids,NB,SACH,1867,PhaseOut,MA
SKU01035,EcoPure,Vegan,NB,BAG,1407,Active,FR
SKU01039,FreshBite,Classic,NB,BOX,882,New,BR
SKU01040,NutriBox,Zero,EP,SACH,1510,Active,VN
SKU01042,FreshBite,Classic,VM,SACH,1575,PhaseOut,MA
SKU01043,NutriBox,Zero,NB,BAG,907,Active,VN
SKU01044,EcoPure,Classic,FB,SACH,1987,New,MA
SKU01045,FreshBite,Classic,EP,BAG,1466,New,MA
SKU01046,FreshBite,Classic,NB,SACH,855,PhaseOut,VN
SKU01047,NutriBox,Kids,FB,BAG,1672,PhaseOut,FR
SKU01049,NutriBox,Kids,EP,SACH,810,Active,VN
SKU01050,EcoPure,Classic,FB,BOX,882,New,VN
SKU01051,NutriBox,Classic,FB,SACH,1478,New,VN
SKU01052,FreshBite,Classic,VM,SACH,332,New,VN
SKU01053,FreshBite,Zero,NB,BOX,1435,PhaseOut,MA
SKU01055,NutriBox,Kids,VM,BOX,247,Active,BR
SKU01057,FreshBite,Classic,FB,BAG,1073,New,VN
SKU01058,EcoPure,Zero,FB,SACH,605,PhaseOut,VN
SKU01059,VitalMeal,Zero,FB,BAG,405,New,VN
SKU01060,NutriBox,Zero,EP,SACH,1613,Active,BR
SKU01063,NutriBox,Kids,VM,BOX,688,New,BR
SKU01064,EcoPure,Classic,EP,BAG,428,Active,FR
SKU01065,FreshBite,Kids,NB,SACH,729,PhaseOut,VN
SKU01066,NutriBox,Vegan,VM,BAG,555,New,MA
SKU01068,NutriBox,Zero,NB,SACH,948,Active,BR
SKU01070,NutriBox,Vegan,EP,BAG,280,PhaseOut,BR
SKU01071,EcoPure,Zero,FB,SACH,1789,New,VN
SKU01072,EcoPure,Kids,EP,SACH,1011,Active,FR
SKU01073,FreshBite,Classic,NB,BAG,1321,PhaseOut,MA
SKU01075,NutriBox,Classic,VM,BAG,775,New,MA
SKU01077,NutriBox,Vegan,EP,BOX,1231,New,VN
SKU01079,NutriBox,Classic,EP,BOX,442,New,MA
SKU01083,VitalMeal,Kids,EP,SACH,660,New,MA
SKU01085,NutriBox,Vegan,VM,SACH,1058,Active,FR
SKU01086,NutriBox,Classic,EP,SACH,1011,New,VN
SKU01087,VitalMeal,Kids,NB,BAG,777,Active,VN
SKU01088,VitalMeal,Classic,NB,BOX,722,PhaseOut,FR
SKU01090,VitalMeal,Classic,EP,BAG,1679,New,MA
SKU01091,FreshBite,Vegan,VM,SACH,1247,Active,MA
SKU01092,VitalMeal,Vegan,NB,SACH,1750,New,MA
SKU01093,FreshBite,Classic,NB,BOX,164,New,BR
SKU01094,EcoPure,Classic,FB,BOX,269,Active,VN
SKU01095,EcoPure,Vegan,NB,BOX,80,New,VN
SKU01096,EcoPure,Kids,VM,SACH,1596,Active,MA
SKU01097,EcoPure,Vegan,FB,SACH,1416,Active,MA
SKU01101,EcoPure,Kids,EP,SACH,588,PhaseOut,MA
SKU01102,VitalMeal,Classic,NB,SACH,788,PhaseOut,BR
SKU01103,NutriBox,Kids,FB,SACH,1075,Active,FR
SKU01104,EcoPure,Zero,VM,BAG,920,PhaseOut,FR
SKU01105,VitalMeal,Vegan,EP,SACH,150,PhaseOut,FR
SKU01106,NutriBox,Zero,VM,BAG,1606,New,VN
SKU01107,EcoPure,Kids,VM,SACH,1131,Active,VN
SKU01108,EcoPure,Vegan,EP,BAG,1462,PhaseOut,FR
SKU01110,NutriBox,Vegan,EP,BOX,990,New,BR
SKU01111,NutriBox,Vegan,EP,BOX,390,Active,VN
SKU01112,VitalMeal,Vegan,FB,BOX,910,Active,VN
SKU01113,FreshBite,Vegan,FB,BOX,1093,New,FR
SKU01114,FreshBite,Kids,FB,SACH,1328,Active,BR
SKU01115,FreshBite,Vegan,FB,BOX,1390,Active,BR
SKU01116,FreshBite,Vegan,NB,BAG,87,New,FR
SKU01119,EcoPure,Classic,VM,BOX,1459,PhaseOut,FR
SKU01120,EcoPure,Zero,FB,SACH,1706,Active,MA
SKU01121,FreshBite,Zero,NB,BOX,977,PhaseOut,BR
SKU01123,FreshBite,Kids,VM,BOX,503,PhaseOut,MA
SKU01124,EcoPure,Kids,VM,BOX,1754,New,BR
SKU01125,VitalMeal,Zero,FB,BOX,1396,Active,MA
SKU01126,VitalMeal,Zero,VM,BAG,786,Active,MA
SKU01128,EcoPure,Kids,FB,BAG,868,New,BR
SKU01129,EcoPure,Kids,EP,BAG,822,New,MA
SKU01130,EcoPure,Kids,EP,BOX,62,Active,VN
SKU01131,EcoPure,Classic,NB,BAG,964,Active,BR
SKU01134,FreshBite,Kids,FB,BOX,970,PhaseOut,VN
SKU01135,FreshBite,Kids,EP,BAG,874,Active,BR
SKU01136,FreshBite,Classic,FB,BAG,420,PhaseOut,MA
SKU01137,EcoPure,Classic,FB,BOX,1364,PhaseOut,MA
SKU01138,VitalMeal,Zero,EP,SACH,381,Active,BR
SKU01139,NutriBox,Vegan,NB,BAG,1679,Active,MA
SKU01140,EcoPure,Zero,NB,BAG,310,New,VN
SKU01141,NutriBox,Vegan,VM,SACH,1863,PhaseOut,MA
SKU01142,VitalMeal,Classic,VM,SACH,1944,Active,MA
SKU01144,VitalMeal,Zero,NB,SACH,746,PhaseOut,VN
SKU01146,FreshBite,Zero,VM,SACH,999,New,FR
SKU01147,EcoPure,Classic,FB,BAG,436,New,VN
SKU01149,NutriBox,Classic,EP,BOX,870,New,FR
SKU01151,NutriBox,Vegan,VM,SACH,1488,Active,VN
SKU01152,VitalMeal,Zero,NB,BAG,118,Active,BR
SKU01153,EcoPure,Vegan,FB,BOX,1545,Active,VN
SKU01154,VitalMeal,Zero,EP,BOX,1177,PhaseOut,VN
SKU01155,NutriBox,Zero,NB,BOX,1831,New,FR
SKU01156,EcoPure,Classic,EP,BOX,1234,New,BR
SKU01157,NutriBox,Kids,NB,BAG,249,Active,MA
SKU01158,VitalMeal,Kids,FB,SACH,265,PhaseOut,MA
SKU01159,VitalMeal,Vegan,FB,BAG,261,Active,BR
SKU01160,VitalMeal,Kids,EP,BOX,557,Active,VN
SKU01161,NutriBox,Zero,FB,BAG,65,PhaseOut,FR
SKU01162,EcoPure,Zero,VM,BOX,1571,PhaseOut,BR
SKU01165,EcoPure,Kids,VM,SACH,766,Active,FR
SKU01167,EcoPure,Kids,VM,BAG,600,New,FR
SKU01171,FreshBite,Zero,NB,BAG,1041,New,FR
SKU01172,FreshBite,Vegan,VM,SACH,1839,New,VN
SKU01173,FreshBite,Zero,NB,BOX,777,Active,MA
SKU01175,FreshBite,Classic,NB,SACH,864,Active,BR
SKU01177,VitalMeal,Zero,FB,BAG,698,Active,MA
SKU01179,FreshBite,Classic,NB,BOX,1571,New,MA
SKU01180,EcoPure,Classic,VM,BOX,520,Active,FR
SKU01181,VitalMeal,Kids,FB,BAG,1457,New,FR
SKU01182,VitalMeal,Vegan,NB,BOX,739,New,VN
SKU01183,VitalMeal,Zero,EP,BAG,1662,PhaseOut,MA
SKU01185,VitalMeal,Zero,NB,BOX,556,Active,MA
SKU01186,VitalMeal,Classic,NB,SACH,1041,New,FR
SKU01188,FreshBite,Zero,EP,SACH,1600,PhaseOut,MA
SKU01191,FreshBite,Kids,EP,BAG,1398,Active,MA
SKU01192,NutriBox,Classic,VM,BOX,263,Active,VN
SKU01193,VitalMeal,Kids,EP,BAG,1281,Active,BR
SKU01195,NutriBox,Vegan,EP,BOX,1403,New,BR
SKU01196,EcoPure,Zero,EP,SACH,1353,PhaseOut,FR
SKU01198,FreshBite,Kids,EP,SACH,1378,Active,MA
SKU01201,EcoPure,Zero,VM,BOX,565,PhaseOut,FR
SKU01204,NutriBox,Vegan,FB,SACH,109,PhaseOut,FR
SKU01205,EcoPure,Vegan,NB,SACH,1384,Active,FR
SKU01206,NutriBox,Classic,VM,BOX,577,New,BR
SKU01207,EcoPure,Kids,FB,BOX,1300,PhaseOut,VN
SKU01209,NutriBox,Vegan,VM,BOX,523,Active,MA
SKU01210,NutriBox,Zero,NB,SACH,1614,Active,BR
SKU01211,VitalMeal,Classic,FB,BAG,1736,Active,BR
SKU01212,EcoPure,Classic,NB,SACH,806,Active,FR
SKU01215,NutriBox,Zero,FB,BOX,482,PhaseOut,BR
SKU01216,EcoPure,Kids,VM,BAG,1874,New,FR
SKU01217,EcoPure,Zero,VM,BOX,1226,PhaseOut,MA
SKU01218,NutriBox,Kids,NB,BAG,1862,PhaseOut,MA
SKU01219,FreshBite,Zero,FB,BOX,450,New,FR
SKU01220,NutriBox,Vegan,NB,SACH,1352,PhaseOut,VN
SKU01222,NutriBox,Kids,EP,SACH,1052,PhaseOut,FR
SKU01224,NutriBox,Vegan,VM,BAG,447,New,VN
SKU01225,EcoPure,Kids,NB,BOX,654,New,VN
SKU01227,VitalMeal,Zero,FB,BOX,207,Active,FR
SKU01229,FreshBite,Classic,NB,SACH,1766,New,VN
SKU01230,FreshBite,Zero,FB,BOX,1432,PhaseOut,VN
SKU01232,NutriBox,Classic,VM,BAG,638,Active,BR
SKU01235,VitalMeal,Zero,VM,BOX,495,Active,VN
SKU01236,NutriBox,Classic,FB,BAG,1823,PhaseOut,VN
SKU01237,VitalMeal,Classic,NB,BOX,850,Active,MA
SKU01238,NutriBox,Vegan,NB,SACH,1816,Active,BR
SKU01240,NutriBox,Vegan,NB,BAG,1603,New,VN
SKU01241,VitalMeal,Zero,FB,SACH,1146,New,VN
SKU01243,FreshBite,Vegan,EP,SACH,1774,New,BR
SKU01245,VitalMeal,Vegan,FB,SACH,1604,New,BR
SKU01247,EcoPure,Kids,EP,BAG,375,New,VN
SKU01248,EcoPure,Classic,FB,BAG,1044,Active,MA
SKU01249,VitalMeal,Zero,EP,SACH,1705,Active,FR
SKU01250,FreshBite,Vegan,EP,BOX,662,New,FR
SKU01252,VitalMeal,Classic,FB,SACH,645,Active,FR
SKU01254,NutriBox,Kids,EP,SACH,1781,Active,BR
SKU01255,EcoPure,Vegan,EP,BAG,891,Active,VN
SKU01256,EcoPure,Vegan,VM,SACH,1275,Active,FR
SKU01257,FreshBite,Zero,FB,BOX,393,PhaseOut,VN
SKU01258,VitalMeal,Vegan,EP,BOX,1926,New,BR
SKU01259,FreshBite,Vegan,EP,BAG,1596,PhaseOut,VN
SKU01261,FreshBite,Zero,FB,BOX,1473,Active,BR
SKU01262,FreshBite,Vegan,FB,BAG,1291,PhaseOut,VN
SKU01263,FreshBite,Kids,VM,SACH,494,Active,FR
SKU01264,EcoPure,Vegan,FB,BAG,1838,PhaseOut,FR
SKU01266,FreshBite,Kids,NB,BAG,1456,Active,FR
SKU01267,VitalMeal,Classic,VM,SACH,1954,PhaseOut,VN
SKU01268,NutriBox,Vegan,EP,BAG,641,PhaseOut,FR
SKU01269,EcoPure,Kids,FB,SACH,1080,New,VN
SKU01270,EcoPure,Zero,EP,BAG,1345,New,MA
SKU01271,EcoPure,Zero,EP,SACH,1812,New,VN
SKU01272,FreshBite,Kids,NB,BAG,1067,PhaseOut,FR
SKU01273,FreshBite,Kids,FB,BOX,65,PhaseOut,MA
SKU01275,VitalMeal,Kids,FB,BAG,573,New,VN
SKU01277,FreshBite,Vegan,VM,SACH,1826,Active,FR
SKU01279,VitalMeal,Kids,EP,SACH,1763,Active,BR
SKU01280,EcoPure,Kids,EP,BAG,277,New,MA
SKU01281,FreshBite,Vegan,NB,BOX,1057,Active,MA
SKU01282,NutriBox,Kids,NB,SACH,1858,PhaseOut,FR
SKU01283,NutriBox,Kids,NB,BOX,1361,PhaseOut,VN
SKU01284,FreshBite,Zero,EP,SACH,858,PhaseOut,FR
SKU01285,EcoPure,Zero,FB,SACH,1207,New,FR
SKU01286,EcoPure,Vegan,NB,SACH,1356,Active,VN
SKU01287,EcoPure,Classic,FB,BAG,453,New,FR
SKU01289,NutriBox,Classic,VM,SACH,1139,New,FR
SKU01290,NutriBox,Kids,VM,BAG,1722,New,BR
SKU01291,NutriBox,Zero,NB,SACH,1677,Active,FR
SKU01292,VitalMeal,Vegan,EP,BAG,486,New,MA
SKU01293,NutriBox,Vegan,NB,SACH,878,Active,VN
SKU01295,EcoPure,Zero,EP,BOX,308,PhaseOut,FR
SKU01296,FreshBite,Classic,VM,SACH,152,PhaseOut,FR
SKU01297,NutriBox,Kids,FB,BAG,1042,New,BR
SKU01298,NutriBox,Classic,NB,SACH,1640,PhaseOut,FR
SKU01301,VitalMeal,Kids,EP,BAG,1271,PhaseOut,MA
SKU01302,FreshBite,Zero,FB,BOX,862,New,BR
SKU01303,EcoPure,Zero,FB,SACH,275,Active,MA
SKU01304,EcoPure,Zero,VM,BOX,992,New,BR
SKU01305,FreshBite,Zero,EP,BOX,512,New,MA
SKU01307,VitalMeal,Kids,VM,SACH,1099,New,MA
SKU01308,NutriBox,Classic,VM,BAG,1194,Active,MA
SKU01309,VitalMeal,Zero,EP,BAG,1983,PhaseOut,BR
SKU01311,EcoPure,Classic,FB,BAG,1255,Active,MA
SKU01313,NutriBox,Classic,FB,SACH,863,New,BR
SKU01314,EcoPure,Classic,VM,BAG,816,Active,BR
SKU01317,VitalMeal,Kids,FB,BOX,1388,PhaseOut,VN
SKU01318,EcoPure,Vegan,EP,SACH,1040,Active,VN
SKU01320,VitalMeal,Vegan,FB,BAG,667,Active,MA
SKU01321,FreshBite,Zero,EP,SACH,1809,Active,BR
SKU01323,EcoPure,Vegan,NB,SACH,1983,Active,MA
SKU01324,NutriBox,Classic,VM,SACH,281,New,VN
SKU01325,NutriBox,Zero,EP,BAG,1493,Active,VN
SKU01326,NutriBox,Kids,VM,BAG,817,New,MA
SKU01327,NutriBox,Vegan,FB,SACH,1515,PhaseOut,MA
SKU01328,EcoPure,Classic,NB,SACH,545,Active,BR
SKU01329,NutriBox,Kids,FB,BAG,1097,PhaseOut,VN
SKU01330,EcoPure,Kids,EP,BOX,1182,Active,FR
SKU01331,EcoPure,Zero,VM,BAG,1776,New,BR
SKU01332,FreshBite,Kids,VM,SACH,551,PhaseOut,MA
SKU01334,VitalMeal,Vegan,FB,BOX,74,New,MA
SKU01336,FreshBite,Classic,FB,SACH,337,Active,MA
SKU01338,EcoPure,Classic,EP,SACH,387,Active,FR
SKU01339,EcoPure,Zero,EP,SACH,1951,New,FR
SKU01342,FreshBite,Classic,NB,SACH,1867,PhaseOut,FR
SKU01344,FreshBite,Zero,EP,BOX,557,New,VN
SKU01346,FreshBite,Kids,VM,BOX,369,New,FR
SKU01347,FreshBite,Kids,NB,SACH,1913,PhaseOut,MA
SKU01348,VitalMeal,Classic,NB,BAG,965,Active,FR
SKU01349,NutriBox,Classic,NB,SACH,1255,Active,VN
SKU01351,VitalMeal,Classic,VM,SACH,135,New,FR
SKU01352,FreshBite,Vegan,NB,BAG,1540,New,VN
SKU01353,EcoPure,Vegan,EP,BOX,975,PhaseOut,MA
SKU01354,EcoPure,Kids,FB,SACH,102,Active,VN
SKU01355,VitalMeal,Classic,FB,SACH,909,New,FR
SKU01356,VitalMeal,Zero,NB,BOX,916,PhaseOut,MA
SKU01358,VitalMeal,Kids,VM,BAG,1852,Active,MA
SKU01359,FreshBite,Classic,FB,SACH,1872,New,VN
SKU01361,EcoPure,Zero,VM,BOX,1569,PhaseOut,FR
SKU01364,VitalMeal,Kids,VM,BAG,1039,Active,MA
SKU01365,EcoPure,Kids,VM,BOX,648,Active,FR
SKU01366,FreshBite,Zero,VM,BOX,452,Active,MA
SKU01367,EcoPure,Kids,FB,BAG,445,New,VN
SKU01369,EcoPure,Zero,EP,BOX,464,Active,MA
SKU01370,FreshBite,Zero,FB,BOX,988,Active,MA
SKU01371,FreshBite,Vegan,NB,SACH,1686,Active,VN
SKU01372,VitalMeal,Vegan,NB,SACH,726,New,MA
SKU01373,EcoPure,Kids,NB,BOX,512,New,VN
SKU01375,NutriBox,Vegan,EP,BOX,1699,Active,BR
SKU01376,VitalMeal,Classic,VM,SACH,1692,PhaseOut,MA
SKU01377,NutriBox,Vegan,VM,SACH,1995,PhaseOut,MA
SKU01379,EcoPure,Vegan,NB,SACH,1203,Active,VN
SKU01381,VitalMeal,Kids,EP,SACH,320,PhaseOut,BR
SKU01383,VitalMeal,Kids,FB,BOX,437,New,FR
SKU01384,NutriBox,Zero,VM,SACH,263,New,MA
SKU01385,VitalMeal,Zero,NB,SACH,867,Active,VN
SKU01386,NutriBox,Zero,VM,BOX,1239,Active,MA
SKU01387,VitalMeal,Classic,EP,SACH,1864,PhaseOut,BR
SKU01388,FreshBite,Vegan,EP,BAG,108,PhaseOut,MA
SKU01389,NutriBox,Kids,NB,BAG,1675,New,MA
SKU01390,EcoPure,Kids,EP,BAG,932,Active,BR
SKU01392,VitalMeal,Kids,FB,BAG,973,New,BR
SKU01394,NutriBox,Kids,NB,SACH,1779,New,FR
SKU01395,EcoPure,Zero,NB,BAG,172,PhaseOut,VN
SKU01396,FreshBite,Vegan,NB,SACH,1721,PhaseOut,VN
SKU01397,FreshBite,Classic,NB,SACH,1486,Active,BR
SKU01399,NutriBox,Classic,EP,SACH,1302,New,VN
SKU01402,NutriBox,Kids,FB,BAG,1071,PhaseOut,BR
SKU01404,EcoPure,Vegan,EP,BOX,1983,Active,MA
SKU01407,NutriBox,Vegan,NB,BOX,954,New,VN
SKU01409,EcoPure,Classic,FB,BOX,444,Active,BR
SKU01410,VitalMeal,Kids,NB,BOX,1776,PhaseOut,FR
SKU01411,EcoPure,Zero,VM,BOX,925,Active,BR
SKU01412,NutriBox,Classic,FB,BAG,1533,New,MA
SKU01413,VitalMeal,Classic,VM,BAG,1908,PhaseOut,FR
SKU01415,VitalMeal,Zero,EP,BAG,984,Active,FR
SKU01416,NutriBox,Kids,NB,BOX,1151,PhaseOut,FR
SKU01417,FreshBite,Kids,FB,BOX,1001,PhaseOut,BR
SKU01418,NutriBox,Kids,EP,BAG,1485,Active,MA
SKU01422,FreshBite,Zero,NB,BOX,70,Active,BR
SKU01423,FreshBite,Vegan,FB,SACH,1979,New,MA
SKU01426,FreshBite,Vegan,EP,BOX,1284,Active,BR
SKU01427,FreshBite,Vegan,VM,BAG,609,Active,BR
SKU01430,NutriBox,Kids,FB,BAG,1773,Active,FR
SKU01432,EcoPure,Classic,NB,BOX,1553,PhaseOut,BR
SKU01433,VitalMeal,Kids,FB,BOX,867,New,MA
SKU01434,VitalMeal,Classic,VM,BAG,1224,New,VN
SKU01435,EcoPure,Zero,NB,BOX,1214,New,FR
SKU01436,EcoPure,Zero,EP,BAG,1142,Active,MA
SKU01437,NutriBox,Vegan,NB,BOX,1333,Active,BR
SKU01438,VitalMeal,Classic,EP,BOX,895,Active,FR
SKU01441,EcoPure,Zero,EP,BAG,420,PhaseOut,FR
SKU01442,VitalMeal,Zero,EP,SACH,1492,Active,FR
SKU01444,FreshBite,Classic,NB,BAG,710,Active,FR
SKU01447,VitalMeal,Vegan,EP,SACH,1017,Active,VN
SKU01450,VitalMeal,Classic,EP,SACH,561,Active,FR
SKU01451,NutriBox,Vegan,FB,BAG,898,Active,VN
SKU01452,VitalMeal,Zero,EP,BOX,604,New,VN
SKU01453,FreshBite,Vegan,EP,SACH,1168,PhaseOut,VN
SKU01454,NutriBox,Zero,EP,BAG,275,New,MA
SKU01455,NutriBox,Zero,FB,BAG,1591,PhaseOut,FR
SKU01456,EcoPure,Vegan,VM,BAG,263,PhaseOut,MA
SKU01458,EcoPure,Classic,VM,SACH,116,New,VN
SKU01459,FreshBite,Kids,EP,BOX,445,Active,VN
SKU01460,NutriBox,Classic,NB,BOX,661,Active,BR
SKU01461,NutriBox,Kids,EP,BOX,1085,Active,FR
SKU01462,NutriBox,Classic,VM,SACH,1310,Active,FR
SKU01463,FreshBite,Classic,FB,BOX,1907,Active,VN
SKU01464,FreshBite,Zero,EP,BOX,819,New,VN
SKU01467,EcoPure,Kids,FB,BAG,974,New,VN
SKU01468,VitalMeal,Zero,EP,BOX,1922,New,BR
SKU01469,NutriBox,Zero,FB,BAG,1553,New,MA
SKU01471,EcoPure,Zero,EP,SACH,271,Active,MA
SKU01473,EcoPure,Vegan,EP,BAG,703,New,MA
SKU01474,VitalMeal,Zero,VM,BAG,477,PhaseOut,VN
SKU01475,VitalMeal,Vegan,VM,BAG,1231,New,BR
SKU01478,EcoPure,Classic,NB,BAG,1055,PhaseOut,MA
SKU01479,VitalMeal,Kids,NB,SACH,1399,Active,BR
SKU01480,FreshBite,Zero,FB,BAG,420,Active,MA
SKU01481,NutriBox,Classic,NB,BOX,1417,PhaseOut,VN
SKU01486,FreshBite,Kids,EP,BOX,278,New,FR
SKU01489,NutriBox,Kids,EP,BAG,1943,Active,FR
SKU01491,FreshBite,Classic,NB,SACH,1753,New,VN
SKU01493,EcoPure,Classic,EP,BOX,1024,PhaseOut,MA
SKU01494,EcoPure,Zero,FB,BAG,1788,Active,FR
SKU01495,NutriBox,Kids,NB,BOX,1287,Active,VN
SKU01496,VitalMeal,Kids,EP,SACH,807,Active,BR
SKU01497,VitalMeal,Zero,NB,BAG,1097,Active,BR
SKU01498,FreshBite,Zero,EP,BAG,370,Active,BR
SKU01499,FreshBite,Zero,NB,BAG,323,PhaseOut,VN
SKU01500,FreshBite,Kids,VM,SACH,605,New,FR
SKU01503,FreshBite,Vegan,VM,BOX,1436,New,VN
SKU01505,FreshBite,Zero,NB,BAG,1049,New,VN
SKU01507,EcoPure,Zero,NB,BOX,760,PhaseOut,BR
SKU01508,VitalMeal,Kids,NB,BOX,1992,New,VN
SKU01509,VitalMeal,Kids,FB,BOX,1747,New,BR
SKU01510,FreshBite,Zero,VM,SACH,1980,New,VN
SKU01513,NutriBox,Classic,NB,BAG,724,Active,FR
SKU01514,VitalMeal,Classic,FB,BOX,165,PhaseOut,MA
SKU01517,FreshBite,Classic,EP,SACH,1869,PhaseOut,BR
SKU01518,VitalMeal,Classic,NB,BAG,428,PhaseOut,FR
SKU01519,NutriBox,Kids,FB,SACH,1795,New,VN
SKU01520,EcoPure,Kids,FB,BAG,1279,Active,FR
SKU01521,NutriBox,Vegan,EP,BAG,515,New,MA
SKU01522,NutriBox,Kids,NB,BAG,1805,New,FR
SKU01524,NutriBox,Zero,NB,SACH,1721,PhaseOut,MA
SKU01528,EcoPure,Kids,NB,SACH,358,Active,VN
SKU01530,EcoPure,Classic,NB,BAG,1973,PhaseOut,VN
SKU01531,EcoPure,Vegan,FB,BAG,1548,New,FR
SKU01532,EcoPure,Vegan,NB,BOX,149,Active,FR
SKU01533,NutriBox,Zero,FB,BAG,310,PhaseOut,VN
SKU01536,NutriBox,Zero,NB,SACH,1427,PhaseOut,BR
SKU01537,EcoPure,Kids,FB,BOX,335,New,MA
SKU01538,EcoPure,Kids,VM,BOX,377,New,VN
SKU01539,NutriBox,Vegan,EP,BAG,1176,Active,MA
SKU01541,FreshBite,Kids,VM,BOX,736,New,VN
SKU01543,NutriBox,Kids,EP,SACH,1514,PhaseOut,BR
SKU01544,VitalMeal,Vegan,VM,BAG,1366,New,MA
SKU01545,VitalMeal,Classic,NB,SACH,787,Active,BR
SKU01546,VitalMeal,Zero,VM,SACH,1080,PhaseOut,MA
SKU01547,FreshBite,Zero,VM,BAG,688,PhaseOut,VN
SKU01550,NutriBox,Kids,NB,BOX,1263,Active,MA
SKU01551,NutriBox,Zero,EP,BAG,1944,Active,VN
SKU01552,FreshBite,Classic,VM,BOX,525,PhaseOut,VN
SKU01553,VitalMeal,Classic,NB,BOX,1584,New,MA
SKU01554,VitalMeal,Zero,FB,SACH,1535,New,MA
SKU01555,NutriBox,Classic,VM,SACH,102,PhaseOut,MA
SKU01559,FreshBite,Vegan,FB,BOX,1563,New,FR
SKU01561,VitalMeal,Classic,NB,SACH,1185,Active,MA
SKU01562,VitalMeal,Kids,FB,BAG,458,PhaseOut,BR
SKU01564,FreshBite,Vegan,EP,BOX,1815,Active,BR
SKU01565,FreshBite,Vegan,NB,BAG,717,PhaseOut,MA
SKU01569,EcoPure,Kids,FB,SACH,1808,Active,MA
SKU01570,EcoPure,Classic,NB,BOX,416,Active,MA
SKU01572,EcoPure,Classic,EP,BAG,299,PhaseOut,FR
SKU01573,EcoPure,Classic,NB,BOX,1989,Active,MA
SKU01574,VitalMeal,Zero,VM,SACH,1668,PhaseOut,VN
SKU01575,FreshBite,Classic,EP,BAG,1313,Active,MA
SKU01576,FreshBite,Kids,FB,BAG,429,PhaseOut,MA
SKU01577,EcoPure,Vegan,VM,SACH,1980,PhaseOut,VN
SKU01578,EcoPure,Zero,VM,BAG,921,Active,FR
SKU01579,FreshBite,Classic,EP,BOX,884,Active,VN
SKU01580,VitalMeal,Vegan,VM,BAG,1544,PhaseOut,FR
SKU01581,EcoPure,Zero,VM,BAG,824,PhaseOut,VN
SKU01583,VitalMeal,Classic,EP,BOX,1774,New,FR
SKU01584,EcoPure,Classic,VM,SACH,504,Active,MA
SKU01586,NutriBox,Classic,NB,BAG,1363,New,FR
SKU01587,NutriBox,Classic,VM,SACH,1947,Active,FR
SKU01588,FreshBite,Zero,VM,SACH,452,Active,FR
SKU01593,VitalMeal,Vegan,NB,BAG,259,New,MA
SKU01594,VitalMeal,Zero,NB,BOX,1114,New,MA
SKU01595,VitalMeal,Classic,EP,BOX,865,Active,MA
SKU01596,VitalMeal,Classic,EP,BOX,222,Active,BR
SKU01598,VitalMeal,Zero,NB,BAG,842,New,VN
SKU01599,NutriBox,Zero,EP,BOX,1957,PhaseOut,FR
SKU01601,FreshBite,Zero,VM,SACH,1693,Active,BR
SKU01602,EcoPure,Classic,VM,BOX,842,PhaseOut,FR
SKU01603,NutriBox,Zero,NB,SACH,1476,Active,MA
SKU01604,VitalMeal,Classic,FB,BOX,1112,Active,FR
SKU01605,FreshBite,Classic,EP,BOX,168,Active,BR
SKU01606,EcoPure,Zero,NB,SACH,384,PhaseOut,BR
SKU01607,NutriBox,Zero,FB,BOX,1409,New,VN
SKU01610,NutriBox,Zero,EP,BOX,1147,New,FR
SKU01611,EcoPure,Zero,EP,BAG,1264,Active,VN
SKU01614,EcoPure,Kids,FB,BOX,1220,New,FR
SKU01615,FreshBite,Vegan,FB,SACH,1840,Active,VN
SKU01617,NutriBox,Vegan,VM,SACH,262,PhaseOut,MA
SKU01618,EcoPure,Zero,FB,BOX,1708,PhaseOut,BR
SKU01619,NutriBox,Kids,VM,SACH,1791,PhaseOut,FR
SKU01620,NutriBox,Kids,VM,SACH,978,Active,FR
SKU01621,EcoPure,Vegan,FB,BAG,801,New,VN
SKU01622,EcoPure,Kids,EP,BAG,1467,New,BR
SKU01624,EcoPure,Kids,FB,BAG,1871,New,MA
SKU01625,FreshBite,Vegan,VM,BAG,1095,New,BR
SKU01626,NutriBox,Zero,FB,SACH,1844,PhaseOut,BR
SKU01628,FreshBite,Kids,FB,BAG,154,Active,VN
SKU01629,EcoPure,Vegan,EP,BAG,1539,Active,FR
SKU01630,FreshBite,Vegan,EP,BAG,1532,Active,VN
SKU01632,VitalMeal,Kids,NB,BOX,819,New,FR
SKU01633,FreshBite,Kids,NB,BOX,765,New,FR
SKU01634,NutriBox,Vegan,VM,BAG,1895,Active,BR
SKU01636,NutriBox,Kids,VM,BOX,1692,PhaseOut,MA
SKU01640,VitalMeal,Zero,FB,BOX,1295,New,MA
SKU01642,NutriBox,Zero,NB,BAG,762,PhaseOut,MA
SKU01643,EcoPure,Vegan,VM,SACH,1440,New,VN
SKU01645,FreshBite,Kids,NB,BAG,1422,New,FR
SKU01646,FreshBite,Classic,EP,BOX,274,PhaseOut,FR
SKU01647,VitalMeal,Vegan,EP,BOX,1787,Active,FR
SKU01648,NutriBox,Zero,NB,SACH,787,New,FR
SKU01649,EcoPure,Kids,VM,SACH,285,Active,FR
SKU01652,EcoPure,Vegan,FB,SACH,1942,Active,BR
SKU01653,FreshBite,Classic,VM,SACH,1831,New,VN
SKU01655,FreshBite,Kids,VM,BAG,1938,Active,BR
SKU01656,EcoPure,Zero,NB,BOX,672,New,VN
SKU01657,FreshBite,Kids,FB,SACH,1079,PhaseOut,MA
SKU01658,NutriBox,Zero,NB,BOX,1309,PhaseOut,VN
SKU01659,VitalMeal,Classic,FB,SACH,1200,New,FR
SKU01660,FreshBite,Vegan,VM,SACH,1177,New,MA
SKU01661,FreshBite,Zero,VM,BOX,798,PhaseOut,MA
SKU01662,VitalMeal,Classic,NB,BOX,1988,Active,BR
SKU01663,FreshBite,Kids,FB,BOX,1553,New,VN
SKU01666,VitalMeal,Kids,NB,BAG,284,PhaseOut,VN
SKU01667,NutriBox,Kids,FB,BOX,549,Active,VN
SKU01669,VitalMeal,Zero,EP,BAG,559,New,MA
SKU01671,NutriBox,Vegan,EP,BAG,1873,New,MA
SKU01673,NutriBox,Vegan,VM,BAG,834,Active,BR
SKU01674,NutriBox,Kids,FB,SACH,943,New,BR
SKU01676,FreshBite,Classic,FB,SACH,1642,New,MA
SKU01677,FreshBite,Vegan,NB,SACH,347,New,VN
SKU01678,EcoPure,Zero,VM,BOX,1683,New,VN
SKU01680,VitalMeal,Vegan,VM,BOX,425,Active,BR
SKU01681,EcoPure,Classic,EP,BOX,136,PhaseOut,FR
SKU01682,NutriBox,Vegan,NB,BOX,1492,New,FR
SKU01683,NutriBox,Vegan,NB,SACH,1827,New,MA
SKU01684,FreshBite,Kids,EP,SACH,1272,PhaseOut,MA
SKU01685,NutriBox,Kids,EP,SACH,1536,PhaseOut,BR
SKU01686,VitalMeal,Zero,EP,BAG,486,Active,MA
SKU01687,NutriBox,Kids,VM,SACH,1383,New,MA
SKU01688,NutriBox,Kids,EP,BAG,1669,PhaseOut,BR
SKU01689,VitalMeal,Kids,NB,SACH,1827,New,BR
SKU01690,EcoPure,Kids,NB,SACH,1354,New,VN
SKU01691,EcoPure,Classic,FB,BOX,1396,Active,MA
SKU01693,FreshBite,Classic,VM,BOX,751,Active,MA
SKU01695,VitalMeal,Kids,VM,BAG,201,New,FR
SKU01696,NutriBox,Vegan,FB,SACH,1375,PhaseOut,FR
SKU01697,FreshBite,Classic,NB,BAG,1351,PhaseOut,VN
SKU01698,NutriBox,Vegan,VM,SACH,1724,Active,BR
SKU01702,FreshBite,Kids,EP,BOX,284,New,VN
SKU01703,FreshBite,Zero,EP,BAG,724,Active,MA
SKU01704,FreshBite,Zero,VM,BOX,610,PhaseOut,VN
SKU01706,FreshBite,Kids,VM,BAG,87,Active,BR
SKU01707,EcoPure,Zero,FB,SACH,1209,PhaseOut,MA
SKU01708,VitalMeal,Kids,FB,SACH,871,PhaseOut,VN
SKU01709,EcoPure,Zero,VM,SACH,470,Active,MA
SKU01711,NutriBox,Kids,EP,SACH,397,New,VN
SKU01712,NutriBox,Vegan,EP,BOX,1881,PhaseOut,MA
SKU01713,NutriBox,Classic,EP,SACH,1619,Active,MA
SKU01715,VitalMeal,Vegan,FB,SACH,1152,New,VN
SKU01717,FreshBite,Vegan,FB,BAG,1968,New,FR
SKU01720,EcoPure,Classic,VM,BAG,1760,PhaseOut,MA
SKU01721,FreshBite,Kids,NB,BAG,1951,PhaseOut,BR
SKU01722,FreshBite,Classic,VM,SACH,357,New,BR
SKU01723,EcoPure,Vegan,EP,BAG,1447,Active,BR
SKU01725,EcoPure,Kids,NB,BOX,782,PhaseOut,BR
SKU01726,VitalMeal,Classic,FB,SACH,1082,PhaseOut,MA
SKU01727,NutriBox,Kids,FB,BOX,1874,Active,VN
SKU01728,EcoPure,Kids,EP,SACH,493,New,VN
SKU01730,EcoPure,Vegan,EP,SACH,1278,New,FR
SKU01733,VitalMeal,Zero,EP,SACH,902,PhaseOut,BR
SKU01734,NutriBox,Zero,NB,BAG,1270,PhaseOut,BR
SKU01736,NutriBox,Zero,VM,BOX,1847,Active,VN
SKU01737,FreshBite,Vegan,NB,SACH,1833,Active,BR
SKU01738,FreshBite,Kids,EP,BOX,164,New,VN
SKU01739,FreshBite,Classic,EP,BAG,1194,New,BR
SKU01741,EcoPure,Vegan,FB,BOX,114,PhaseOut,VN
SKU01742,EcoPure,Zero,VM,BAG,1349,New,BR
SKU01745,EcoPure,Classic,EP,BOX,351,Active,VN
SKU01747,NutriBox,Classic,NB,BAG,1595,PhaseOut,VN
SKU01749,FreshBite,Classic,FB,BAG,418,PhaseOut,BR
SKU01750,VitalMeal,Classic,VM,BOX,282,New,FR
SKU01752,EcoPure,Classic,FB,BOX,956,New,VN
SKU01754,NutriBox,Kids,EP,BAG,1979,New,FR
SKU01757,NutriBox,Zero,EP,SACH,226,New,BR
SKU01759,FreshBite,Vegan,VM,BOX,1084,PhaseOut,VN
SKU01761,FreshBite,Kids,NB,SACH,679,PhaseOut,MA
SKU01763,FreshBite,Classic,VM,BAG,1624,PhaseOut,BR
SKU01764,NutriBox,Classic,NB,BOX,102,PhaseOut,VN
SKU01765,VitalMeal,Vegan,NB,BOX,267,Active,FR
SKU01766,EcoPure,Classic,FB,BAG,1791,PhaseOut,MA
SKU01768,FreshBite,Classic,EP,BOX,873,PhaseOut,FR
SKU01769,NutriBox,Kids,NB,BOX,1433,New,MA
SKU01770,FreshBite,Zero,NB,BAG,434,PhaseOut,FR
SKU01771,FreshBite,Zero,VM,BOX,105,Active,BR
SKU01772,NutriBox,Zero,FB,BOX,167,New,VN
SKU01775,VitalMeal,Vegan,VM,BOX,847,PhaseOut,BR
SKU01776,EcoPure,Classic,VM,SACH,829,New,BR
SKU01777,FreshBite,Kids,EP,BAG,1065,New,BR
SKU01778,VitalMeal,Classic,EP,SACH,852,New,VN
SKU01779,VitalMeal,Classic,VM,SACH,894,PhaseOut,FR
SKU01781,VitalMeal,Zero,NB,BOX,1488,Active,MA
SKU01783,EcoPure,Zero,EP,SACH,1308,Active,MA
SKU01784,FreshBite,Vegan,FB,SACH,904,Active,VN
SKU01785,VitalMeal,Kids,VM,SACH,757,New,MA
SKU01786,VitalMeal,Kids,VM,BOX,1893,New,BR
SKU01787,VitalMeal,Classic,FB,SACH,1153,New,BR
SKU01789,EcoPure,Zero,FB,BAG,71,PhaseOut,VN
SKU01791,EcoPure,Kids,NB,BOX,892,New,VN
SKU01792,FreshBite,Kids,EP,BAG,1513,Active,BR
SKU01793,FreshBite,Classic,EP,BAG,1810,PhaseOut,FR
SKU01794,VitalMeal,Classic,EP,BAG,1643,Active,BR
SKU01795,EcoPure,Kids,VM,BOX,1166,New,BR
SKU01796,FreshBite,Zero,FB,BAG,241,Active,BR
SKU01797,EcoPure,Zero,NB,BOX,1068,New,MA
SKU01798,FreshBite,Vegan,EP,SACH,1176,PhaseOut,BR
SKU01799,NutriBox,Kids,NB,BAG,445,Active,VN
SKU01800,FreshBite,Kids,VM,BOX,1080,New,VN
SKU01801,NutriBox,Zero,EP,BAG,689,New,FR
SKU01803,VitalMeal,Kids,FB,BOX,616,New,BR
SKU01805,FreshBite,Kids,VM,BOX,923,New,VN
SKU01807,NutriBox,Zero,NB,SACH,289,New,FR
SKU01809,EcoPure,Classic,FB,BOX,281,Active,MA
SKU01811,NutriBox,Vegan,NB,BAG,282,New,MA
SKU01812,FreshBite,Kids,EP,SACH,403,New,MA
SKU01813,NutriBox,Zero,FB,BOX,1054,New,VN
SKU01814,VitalMeal,Classic,NB,BAG,1406,PhaseOut,FR
SKU01815,FreshBite,Vegan,FB,SACH,488,New,BR
SKU01816,EcoPure,Vegan,FB,BAG,1448,New,BR
SKU01817,FreshBite,Zero,FB,BAG,1365,New,VN
SKU01819,FreshBite,Vegan,VM,BAG,713,New,MA
SKU01821,FreshBite,Vegan,NB,BOX,706,Active,VN
SKU01822,VitalMeal,Kids,NB,BOX,179,Active,FR
SKU01826,EcoPure,Classic,FB,BAG,675,Active,VN
SKU01827,VitalMeal,Kids,NB,BOX,333,New,FR
SKU01828,EcoPure,Vegan,FB,SACH,1996,Active,BR
SKU01829,NutriBox,Zero,EP,BAG,1728,PhaseOut,VN
SKU01830,EcoPure,Vegan,FB,SACH,272,Active,MA
SKU01833,FreshBite,Classic,VM,SACH,1618,PhaseOut,VN
SKU01834,VitalMeal,Kids,VM,BAG,1349,New,MA
SKU01836,EcoPure,Kids,FB,BAG,1213,Active,VN
SKU01837,VitalMeal,Zero,EP,SACH,406,New,MA
SKU01838,VitalMeal,Zero,EP,BOX,1786,Active,FR
SKU01839,NutriBox,Vegan,FB,BAG,1096,PhaseOut,VN
SKU01841,EcoPure,Kids,VM,BOX,1953,Active,FR
SKU01842,VitalMeal,Kids,EP,SACH,1343,New,VN
SKU01843,FreshBite,Vegan,NB,SACH,908,Active,FR
SKU01846,VitalMeal,Classic,VM,SACH,1064,New,VN
SKU01847,VitalMeal,Kids,FB,BAG,134,Active,VN
SKU01848,NutriBox,Kids,FB,BAG,670,New,MA
SKU01849,EcoPure,Classic,VM,BAG,1104,PhaseOut,BR
SKU01850,FreshBite,Kids,FB,BOX,1814,Active,VN
SKU01851,NutriBox,Vegan,EP,BAG,289,New,MA
SKU01852,EcoPure,Vegan,FB,BOX,1963,New,FR
SKU01853,NutriBox,Kids,FB,BOX,412,New,FR
SKU01854,VitalMeal,Vegan,VM,BAG,871,Active,MA
SKU01856,NutriBox,Kids,NB,BAG,1726,Active,MA
SKU01857,NutriBox,Zero,NB,BAG,717,PhaseOut,FR
SKU01859,NutriBox,Vegan,FB,BAG,1930,New,VN
SKU01861,EcoPure,Vegan,VM,BOX,148,PhaseOut,MA
SKU01862,FreshBite,Vegan,NB,SACH,96,Active,FR
SKU01864,VitalMeal,Vegan,FB,BOX,471,Active,FR
SKU01866,EcoPure,Classic,FB,BOX,1652,Active,MA
SKU01867,NutriBox,Classic,EP,BAG,111,Active,BR
SKU01868,NutriBox,Zero,EP,BAG,1182,PhaseOut,VN
SKU01869,EcoPure,Kids,NB,SACH,1752,PhaseOut,VN
SKU01870,FreshBite,Zero,FB,BAG,1622,PhaseOut,VN
SKU01871,NutriBox,Kids,NB,SACH,1192,New,FR
SKU01872,FreshBite,Kids,VM,SACH,1059,New,VN
SKU01873,EcoPure,Classic,VM,BAG,647,Active,FR
SKU01875,VitalMeal,Classic,FB,SACH,441,New,FR
SKU01877,EcoPure,Kids,FB,BOX,1125,PhaseOut,BR
SKU01878,VitalMeal,Classic,EP,BAG,652,New,VN
SKU01880,EcoPure,Zero,FB,BOX,386,PhaseOut,FR
SKU01881,EcoPure,Vegan,VM,BAG,859,New,MA
SKU01882,NutriBox,Classic,NB,BAG,1277,PhaseOut,VN
SKU01883,NutriBox,Zero,FB,SACH,1953,New,VN
SKU01884,NutriBox,Vegan,FB,BAG,1311,PhaseOut,MA
SKU01886,EcoPure,Vegan,FB,BOX,1740,New,VN
SKU01888,FreshBite,Vegan,VM,SACH,1209,New,FR
SKU01889,NutriBox,Zero,EP,SACH,1480,PhaseOut,BR
SKU01890,EcoPure,Kids,VM,BAG,1581,PhaseOut,BR
SKU01893,FreshBite,Zero,EP,SACH,930,New,FR
SKU01894,NutriBox,Kids,VM,BOX,1649,Active,MA
SKU01895,FreshBite,Classic,EP,SACH,684,Active,VN
SKU01896,EcoPure,Kids,NB,SACH,303,New,BR
SKU01897,FreshBite,Zero,EP,BOX,1550,Active,FR
SKU01899,EcoPure,Vegan,VM,SACH,69,PhaseOut,MA
SKU01901,NutriBox,Vegan,NB,BAG,1218,PhaseOut,VN
SKU01902,NutriBox,Zero,EP,BOX,1281,New,FR
SKU01903,NutriBox,Vegan,FB,SACH,1604,PhaseOut,BR
SKU01906,NutriBox,Classic,EP,BOX,1977,PhaseOut,FR
SKU01907,NutriBox,Kids,VM,SACH,215,New,VN
SKU01908,EcoPure,Kids,FB,SACH,1623,Active,BR
SKU01909,NutriBox,Zero,FB,BOX,1254,PhaseOut,FR
SKU01910,VitalMeal,Zero,NB,BAG,910,New,BR
SKU01912,EcoPure,Vegan,NB,BAG,661,PhaseOut,MA
SKU01914,VitalMeal,Kids,NB,BOX,1885,New,MA
SKU01915,EcoPure,Classic,FB,BOX,1517,Active,VN
SKU01917,EcoPure,Zero,NB,BAG,552,Active,FR
SKU01919,NutriBox,Vegan,EP,BOX,128,Active,BR
SKU01920,FreshBite,Zero,EP,SACH,634,Active,BR
SKU01923,FreshBite,Kids,NB,SACH,1681,New,VN
SKU01924,EcoPure,Kids,VM,BAG,1930,PhaseOut,MA
SKU01927,FreshBite,Zero,NB,SACH,1024,Active,MA
SKU01929,FreshBite,Classic,VM,BAG,567,New,MA
SKU01930,VitalMeal,Vegan,VM,BOX,683,New,VN
SKU01931,VitalMeal,Kids,EP,BAG,285,PhaseOut,BR
SKU01932,NutriBox,Vegan,EP,BAG,1500,Active,BR
SKU01934,FreshBite,Kids,FB,BOX,1236,Active,VN
SKU01936,FreshBite,Vegan,NB,BAG,279,Active,BR
SKU01939,FreshBite,Kids,EP,BOX,1391,New,VN
SKU01940,FreshBite,Zero,VM,SACH,259,Active,FR
SKU01941,VitalMeal,Classic,EP,BAG,1729,PhaseOut,FR
SKU01944,NutriBox,Kids,FB,BAG,145,New,VN
SKU01946,NutriBox,Zero,FB,BAG,1931,PhaseOut,FR
SKU01947,EcoPure,Classic,FB,BOX,805,Active,MA
SKU01949,FreshBite,Classic,VM,BOX,464,PhaseOut,MA
SKU01951,FreshBite,Kids,VM,BAG,745,New,BR
SKU01952,FreshBite,Classic,EP,BOX,1706,New,VN
SKU01953,VitalMeal,Zero,EP,BAG,893,Active,VN
SKU01954,FreshBite,Vegan,FB,BAG,1574,PhaseOut,FR
SKU01956,EcoPure,Vegan,VM,BOX,631,PhaseOut,FR
SKU01957,FreshBite,Classic,EP,SACH,1989,PhaseOut,FR
SKU01958,NutriBox,Vegan,EP,SACH,182,PhaseOut,VN
SKU01959,FreshBite,Zero,NB,SACH,840,New,BR
SKU01961,NutriBox,Classic,EP,SACH,1387,Active,VN
SKU01962,EcoPure,Kids,NB,BOX,1772,PhaseOut,BR
SKU01964,NutriBox,Kids,EP,BAG,1025,New,VN
SKU01966,NutriBox,Kids,VM,BOX,1119,PhaseOut,FR
SKU01967,VitalMeal,Zero,EP,BAG,1863,New,FR
SKU01970,NutriBox,Zero,VM,BAG,1452,Active,VN
SKU01971,NutriBox,Zero,VM,BOX,837,PhaseOut,BR
SKU01972,FreshBite,Classic,VM,BAG,740,Active,VN
SKU01973,VitalMeal,Kids,FB,BAG,1407,Active,BR
SKU01975,NutriBox,Vegan,VM,BOX,1366,PhaseOut,VN
SKU01976,FreshBite,Vegan,VM,BAG,739,New,BR
SKU01978,FreshBite,Classic,VM,BAG,1404,PhaseOut,FR
SKU01979,EcoPure,Zero,EP,BAG,1959,New,MA
SKU01982,VitalMeal,Zero,VM,SACH,1872,Active,MA
SKU01983,FreshBite,Kids,VM,BOX,1708,PhaseOut,FR
SKU01984,EcoPure,Vegan,VM,BOX,1127,PhaseOut,VN
SKU01985,EcoPure,Vegan,FB,BAG,1107,New,BR
SKU01986,EcoPure,Kids,VM,BAG,291,New,VN
SKU01990,VitalMeal,Vegan,FB,BAG,1063,New,FR
SKU01992,FreshBite,Classic,NB,SACH,72,PhaseOut,BR
SKU01993,NutriBox,Kids,FB,BAG,1631,Active,BR
SKU01994,NutriBox,Kids,FB,BAG,873,Active,BR
SKU01995,NutriBox,Classic,VM,BAG,1720,Active,FR
SKU01997,NutriBox,Kids,FB,SACH,750,PhaseOut,FR
SKU01998,FreshBite,Classic,NB,BAG,1716,New,VN
SKU02000,FreshBite,Classic,VM,SACH,1285,New,VN
SKU02002,EcoPure,Classic,FB,BOX,1186,Active,BR
SKU02003,VitalMeal,Classic,NB,BAG,1117,Active,MA
SKU02005,FreshBite,Vegan,FB,BOX,925,New,MA
SKU02006,VitalMeal,Classic,VM,BAG,207,Active,MA
SKU02007,FreshBite,Zero,NB,SACH,1858,PhaseOut,FR
SKU02008,NutriBox,Kids,EP,BOX,876,New,VN
SKU02009,NutriBox,Kids,NB,SACH,1467,PhaseOut,MA
SKU02010,FreshBite,Classic,FB,BAG,1940,New,VN
SKU02011,NutriBox,Kids,FB,BOX,901,PhaseOut,VN
SKU02013,VitalMeal,Vegan,NB,SACH,1987,New,BR
SKU02014,EcoPure,Vegan,VM,BAG,94,New,VN
SKU02015,VitalMeal,Kids,FB,BAG,1181,Active,MA
SKU02020,FreshBite,Vegan,VM,BOX,226,New,VN
SKU02021,FreshBite,Vegan,VM,SACH,277,New,BR
SKU02022,EcoPure,Classic,FB,SACH,1776,Active,MA
SKU02023,NutriBox,Vegan,NB,BAG,1745,PhaseOut,VN
SKU02024,NutriBox,Zero,FB,BOX,1979,Active,BR
SKU02025,EcoPure,Kids,VM,BAG,316,New,BR
SKU02028,EcoPure,Kids,VM,SACH,1452,Active,MA
SKU02030,FreshBite,Vegan,EP,BOX,751,PhaseOut,VN
SKU02031,NutriBox,Zero,NB,BOX,736,Active,BR
SKU02032,FreshBite,Kids,FB,BAG,1363,New,FR
SKU02033,EcoPure,Classic,EP,BAG,1045,Active,BR
SKU02034,NutriBox,Classic,FB,SACH,406,Active,BR
SKU02036,EcoPure,Kids,EP,BOX,1817,New,BR
SKU02037,FreshBite,Vegan,FB,BAG,921,Active,BR
SKU02038,EcoPure,Vegan,VM,SACH,253,Active,FR
SKU02039,FreshBite,Kids,EP,SACH,1286,New,BR
SKU02041,FreshBite,Kids,FB,BOX,1860,Active,BR
SKU02044,VitalMeal,Classic,EP,BAG,230,New,VN
SKU02045,VitalMeal,Vegan,VM,BAG,548,New,VN
SKU02048,FreshBite,Zero,VM,BOX,352,New,MA
SKU02051,FreshBite,Vegan,VM,BOX,1273,Active,FR
SKU02052,EcoPure,Vegan,FB,SACH,1313,PhaseOut,FR
SKU02054,FreshBite,Classic,EP,BAG,741,New,FR
SKU02055,FreshBite,Kids,NB,BAG,993,Active,BR
SKU02056,EcoPure,Vegan,VM,BOX,732,Active,BR
SKU02057,FreshBite,Zero,VM,SACH,1368,PhaseOut,FR
SKU02058,EcoPure,Zero,VM,BOX,1585,New,BR
SKU02060,NutriBox,Classic,VM,BAG,1954,New,MA
SKU02061,EcoPure,Zero,FB,SACH,445,PhaseOut,BR
SKU02062,FreshBite,Classic,VM,BAG,1822,Active,FR
SKU02063,VitalMeal,Classic,FB,BOX,1211,PhaseOut,MA
SKU02064,FreshBite,Kids,EP,BAG,888,PhaseOut,BR
SKU02065,VitalMeal,Zero,VM,SACH,927,Active,MA
SKU02066,VitalMeal,Zero,VM,BAG,872,New,FR
SKU02067,NutriBox,Vegan,NB,SACH,1202,New,VN
SKU02068,EcoPure,Kids,EP,SACH,98,Active,VN
SKU02069,FreshBite,Vegan,VM,BAG,1749,PhaseOut,BR
SKU02071,FreshBite,Zero,EP,BAG,342,PhaseOut,BR
SKU02072,VitalMeal,Classic,FB,BOX,1701,New,MA
SKU02074,FreshBite,Classic,NB,BAG,360,New,BR
SKU02075,FreshBite,Classic,VM,BOX,586,PhaseOut,BR
SKU02076,VitalMeal,Classic,NB,BOX,1976,Active,VN
SKU02077,FreshBite,Vegan,NB,BAG,688,Active,BR
SKU02080,NutriBox,Vegan,NB,BOX,654,Active,MA
SKU02081,VitalMeal,Kids,EP,SACH,143,Active,FR
SKU02082,NutriBox,Classic,EP,BOX,376,PhaseOut,MA
SKU02085,NutriBox,Classic,EP,SACH,939,Active,FR
SKU02086,EcoPure,Classic,VM,BAG,1865,New,FR
SKU02087,NutriBox,Classic,EP,BAG,60,New,VN
SKU02088,VitalMeal,Zero,FB,SACH,1402,PhaseOut,FR
SKU02089,NutriBox,Classic,VM,BAG,1085,PhaseOut,BR
SKU02090,EcoPure,Zero,FB,SACH,84,PhaseOut,MA
SKU02091,VitalMeal,Classic,VM,BAG,496,PhaseOut,VN
SKU02094,FreshBite,Vegan,EP,BAG,1293,Active,FR
SKU02095,FreshBite,Kids,FB,BAG,490,PhaseOut,VN
SKU02097,EcoPure,Classic,FB,BOX,1608,New,FR
SKU02098,EcoPure,Zero,VM,SACH,644,Active,MA
SKU02099,FreshBite,Vegan,EP,BAG,278,New,BR
SKU02100,FreshBite,Classic,VM,BAG,393,PhaseOut,FR
SKU02101,NutriBox,Classic,EP,SACH,1153,Active,VN
SKU02102,NutriBox,Classic,NB,BAG,1426,PhaseOut,FR
SKU02103,EcoPure,Kids,VM,BOX,1469,New,FR
SKU02104,VitalMeal,Zero,EP,SACH,1363,Active,BR
SKU02105,VitalMeal,Zero,EP,BOX,1528,New,MA
SKU02106,FreshBite,Vegan,VM,BOX,1916,PhaseOut,VN
SKU02108,FreshBite,Zero,EP,SACH,1038,PhaseOut,MA
SKU02109,EcoPure,Classic,VM,BAG,1201,Active,MA
SKU02110,VitalMeal,Classic,FB,BOX,1775,New,FR
SKU02111,NutriBox,Kids,VM,BOX,958,New,BR
SKU02112,EcoPure,Classic,VM,BOX,1616,PhaseOut,FR
SKU02114,NutriBox,Classic,EP,BAG,1432,Active,BR
SKU02115,EcoPure,Classic,FB,SACH,576,PhaseOut,MA
SKU02117,VitalMeal,Classic,NB,SACH,124,PhaseOut,VN
SKU02118,NutriBox,Vegan,FB,SACH,1619,Active,FR
SKU02119,VitalMeal,Vegan,FB,SACH,1944,PhaseOut,FR
SKU02120,VitalMeal,Vegan,FB,SACH,245,PhaseOut,MA
SKU02122,FreshBite,Classic,NB,BOX,78,PhaseOut,FR
SKU02123,NutriBox,Vegan,FB,BAG,755,New,VN
SKU02125,EcoPure,Kids,NB,SACH,65,Active,FR
SKU02126,NutriBox,Vegan,VM,BAG,1496,PhaseOut,VN
SKU02127,FreshBite,Zero,EP,BOX,1662,PhaseOut,VN
SKU02128,FreshBite,Vegan,NB,BOX,854,New,MA
SKU02131,NutriBox,Vegan,NB,BOX,989,Active,FR
SKU02132,EcoPure,Zero,VM,BOX,1709,New,MA
SKU02133,NutriBox,Classic,EP,BOX,1604,PhaseOut,VN
SKU02134,FreshBite,Classic,FB,BOX,1016,Active,BR
SKU02135,NutriBox,Kids,VM,SACH,1687,PhaseOut,BR
SKU02136,EcoPure,Kids,VM,SACH,1977,New,FR
SKU02139,EcoPure,Kids,EP,SACH,1011,New,MA
SKU02140,VitalMeal,Kids,FB,BAG,1370,New,FR
SKU02141,EcoPure,Classic,FB,BOX,1583,Active,VN
SKU02145,VitalMeal,Classic,NB,BAG,1611,Active,VN
SKU02146,NutriBox,Kids,NB,BOX,1656,New,VN
SKU02147,NutriBox,Classic,VM,BAG,664,PhaseOut,VN
SKU02148,EcoPure,Classic,NB,BOX,375,Active,MA
SKU02149,FreshBite,Zero,VM,BOX,1436,Active,MA
SKU02150,NutriBox,Vegan,VM,BOX,1742,New,VN
SKU02151,FreshBite,Kids,EP,BOX,924,PhaseOut,VN
SKU02152,NutriBox,Zero,FB,BAG,408,Active,MA
SKU02153,NutriBox,Classic,NB,BAG,1779,PhaseOut,MA
SKU02154,VitalMeal,Kids,EP,SACH,1860,PhaseOut,MA
SKU02155,VitalMeal,Classic,NB,BOX,373,Active,BR
SKU02156,VitalMeal,Vegan,VM,BAG,1771,PhaseOut,MA
SKU02157,FreshBite,Zero,NB,BAG,1399,Active,VN
SKU02158,EcoPure,Vegan,FB,BAG,1698,PhaseOut,BR
SKU02159,NutriBox,Zero,VM,BOX,1898,Active,MA
SKU02161,NutriBox,Vegan,EP,BAG,1646,Active,FR
SKU02162,FreshBite,Vegan,FB,BOX,1677,Active,BR
SKU02163,VitalMeal,Classic,VM,BAG,847,Active,VN
SKU02165,FreshBite,Kids,NB,SACH,1226,New,VN
SKU02166,VitalMeal,Zero,FB,BAG,1810,PhaseOut,MA
SKU02167,FreshBite,Zero,VM,BAG,1200,PhaseOut,MA
SKU02170,FreshBite,Zero,FB,SACH,1847,Active,VN
SKU02173,EcoPure,Kids,FB,SACH,141,PhaseOut,VN
SKU02174,NutriBox,Zero,NB,BAG,188,PhaseOut,VN
SKU02175,FreshBite,Classic,VM,SACH,530,Active,MA
SKU02177,VitalMeal,Vegan,VM,SACH,1406,PhaseOut,VN
SKU02179,VitalMeal,Kids,NB,SACH,389,New,VN
SKU02180,VitalMeal,Kids,NB,BOX,1125,New,VN
SKU02182,FreshBite,Classic,NB,SACH,515,New,VN
SKU02183,EcoPure,Kids,EP,BAG,767,New,MA
SKU02184,NutriBox,Zero,FB,SACH,848,Active,FR
SKU02185,FreshBite,Vegan,NB,BAG,524,New,BR
SKU02186,NutriBox,Vegan,NB,BAG,450,New,FR
SKU02187,EcoPure,Classic,VM,SACH,1512,PhaseOut,BR
SKU02188,EcoPure,Vegan,EP,BAG,1951,Active,FR
SKU02191,NutriBox,Classic,EP,BAG,1046,New,MA
SKU02193,NutriBox,Zero,VM,SACH,870,PhaseOut,MA
SKU02194,NutriBox,Zero,FB,BOX,706,PhaseOut,FR
SKU02195,EcoPure,Vegan,VM,BOX,647,New,VN
SKU02198,EcoPure,Zero,VM,SACH,563,Active,VN
SKU02199,NutriBox,Zero,FB,SACH,1576,New,MA
SKU02200,NutriBox,Zero,EP,BAG,1927,PhaseOut,VN
SKU02201,EcoPure,Vegan,FB,SACH,1974,Active,FR
SKU02202,FreshBite,Zero,EP,BOX,1845,New,FR
SKU02203,FreshBite,Classic,VM,SACH,1749,Active,MA
SKU02205,NutriBox,Vegan,NB,BOX,549,Active,FR
SKU02207,VitalMeal,Vegan,FB,BOX,766,PhaseOut,FR
SKU02208,EcoPure,Kids,VM,BOX,1191,New,FR
SKU02211,FreshBite,Classic,EP,BAG,715,New,VN
SKU02212,EcoPure,Zero,EP,SACH,1752,New,MA
SKU02214,EcoPure,Zero,EP,BOX,210,New,VN
SKU02215,EcoPure,Vegan,VM,BAG,319,Active,VN
SKU02216,EcoPure,Kids,NB,BAG,1129,New,MA
SKU02220,VitalMeal,Classic,VM,BOX,1119,New,MA
SKU02221,FreshBite,Classic,EP,SACH,1217,New,BR
SKU02222,EcoPure,Zero,NB,SACH,1823,New,VN
SKU02224,VitalMeal,Vegan,EP,BAG,681,PhaseOut,VN
SKU02225,NutriBox,Vegan,VM,BAG,1413,Active,BR
SKU02226,FreshBite,Classic,FB,BAG,462,Active,BR
SKU02227,NutriBox,Vegan,EP,SACH,1805,New,FR
SKU02229,VitalMeal,Vegan,VM,BOX,1417,Active,MA
SKU02231,NutriBox,Classic,VM,BAG,1546,New,MA
SKU02234,NutriBox,Classic,FB,BOX,1139,New,VN
SKU02236,FreshBite,Vegan,FB,BOX,647,Active,MA
SKU02240,NutriBox,Classic,NB,BOX,607,New,BR
SKU02241,FreshBite,Zero,FB,SACH,162,Active,MA
SKU02242,NutriBox,Kids,NB,BAG,1164,Active,BR
SKU02243,EcoPure,Classic,FB,SACH,190,Active,BR
SKU02247,FreshBite,Kids,VM,SACH,638,PhaseOut,VN
SKU02251,FreshBite,Classic,VM,BOX,1919,PhaseOut,VN
SKU02252,FreshBite,Classic,NB,BAG,1225,PhaseOut,BR
SKU02253,EcoPure,Zero,NB,BOX,1908,PhaseOut,VN
SKU02254,VitalMeal,Zero,FB,SACH,800,Active,VN
SKU02255,VitalMeal,Zero,EP,BOX,676,PhaseOut,BR
SKU02257,EcoPure,Kids,NB,SACH,1442,Active,FR
SKU02258,VitalMeal,Zero,VM,BAG,1679,New,MA
SKU02259,FreshBite,Kids,VM,BAG,1044,PhaseOut,VN
SKU02263,EcoPure,Kids,VM,BAG,61,PhaseOut,FR
SKU02264,EcoPure,Vegan,NB,BAG,1229,Active,BR
SKU02266,VitalMeal,Vegan,FB,BAG,526,PhaseOut,MA
SKU02267,VitalMeal,Vegan,NB,SACH,988,Active,BR
SKU02268,NutriBox,Kids,NB,BOX,450,PhaseOut,BR
SKU02269,VitalMeal,Vegan,VM,SACH,857,PhaseOut,MA
SKU02271,NutriBox,Kids,VM,SACH,1414,Active,VN
SKU02272,NutriBox,Zero,EP,SACH,106,New,FR
SKU02273,EcoPure,Vegan,FB,BAG,1928,Active,BR
SKU02274,VitalMeal,Classic,NB,SACH,1925,PhaseOut,MA
SKU02275,NutriBox,Zero,FB,BAG,497,New,MA
SKU02276,VitalMeal,Kids,EP,BOX,252,PhaseOut,VN
SKU02277,EcoPure,Kids,VM,SACH,1770,New,MA
SKU02278,NutriBox,Classic,VM,SACH,1706,Active,VN
SKU02279,FreshBite,Kids,FB,BOX,787,Active,FR
SKU02280,EcoPure,Vegan,EP,BOX,251,Active,FR
SKU02281,FreshBite,Zero,FB,SACH,1403,PhaseOut,MA
SKU02282,VitalMeal,Kids,FB,BOX,412,New,MA
SKU02284,EcoPure,Classic,FB,BOX,503,New,BR
SKU02285,VitalMeal,Vegan,NB,BOX,405,Active,MA
SKU02286,FreshBite,Kids,NB,SACH,265,PhaseOut,MA
SKU02288,NutriBox,Kids,NB,BOX,604,PhaseOut,MA
SKU02289,NutriBox,Classic,NB,BAG,936,Active,BR
SKU02293,VitalMeal,Vegan,EP,BOX,298,Active,BR
SKU02294,VitalMeal,Classic,EP,SACH,798,New,FR
SKU02295,VitalMeal,Zero,FB,BOX,854,New,VN
SKU02297,FreshBite,Zero,EP,SACH,370,PhaseOut,MA
SKU02298,FreshBite,Kids,FB,BAG,439,New,BR
SKU02304,NutriBox,Zero,EP,BOX,1198,PhaseOut,MA
SKU02307,VitalMeal,Classic,FB,BOX,100,New,MA
SKU02308,FreshBite,Zero,NB,BAG,1801,Active,FR
SKU02310,EcoPure,Classic,NB,BAG,919,Active,MA
SKU02312,FreshBite,Zero,FB,SACH,1015,Active,MA
SKU02313,NutriBox,Kids,NB,SACH,1319,PhaseOut,FR
SKU02314,FreshBite,Kids,VM,BOX,788,Active,VN
SKU02315,NutriBox,Kids,FB,BOX,1179,New,BR
SKU02316,EcoPure,Kids,VM,BOX,1266,PhaseOut,BR
SKU02317,NutriBox,Zero,FB,SACH,1389,Active,VN
SKU02318,FreshBite,Classic,NB,BAG,351,PhaseOut,BR
SKU02319,FreshBite,Vegan,VM,BOX,597,PhaseOut,MA
SKU02320,FreshBite,Kids,EP,BAG,765,PhaseOut,FR
SKU02321,EcoPure,Classic,VM,BOX,828,New,MA
SKU02323,VitalMeal,Zero,NB,BOX,1243,PhaseOut,FR
SKU02324,FreshBite,Classic,FB,BOX,1059,PhaseOut,VN
SKU02325,NutriBox,Zero,VM,BOX,600,PhaseOut,VN
SKU02326,EcoPure,Kids,VM,BAG,1528,Active,VN
SKU02327,FreshBite,Kids,EP,BOX,1724,PhaseOut,MA
SKU02328,FreshBite,Vegan,NB,BAG,1365,PhaseOut,FR
SKU02332,EcoPure,Kids,EP,SACH,1214,Active,BR
SKU02333,NutriBox,Zero,FB,SACH,1219,Active,MA
SKU02334,NutriBox,Vegan,NB,SACH,1498,Active,MA
SKU02337,EcoPure,Vegan,FB,BOX,1737,New,FR
SKU02338,VitalMeal,Kids,EP,BAG,762,New,BR
SKU02339,NutriBox,Vegan,VM,BOX,177,PhaseOut,BR
SKU02342,NutriBox,Zero,FB,SACH,1326,Active,BR
SKU02344,NutriBox,Vegan,NB,BAG,749,Active,FR
SKU02348,VitalMeal,Zero,NB,BOX,1844,PhaseOut,BR
SKU02349,VitalMeal,Zero,VM,BOX,860,New,VN
SKU02350,VitalMeal,Classic,VM,SACH,464,New,BR
SKU02351,NutriBox,Zero,FB,BAG,247,PhaseOut,FR
SKU02353,VitalMeal,Classic,VM,BOX,1129,New,VN
SKU02354,EcoPure,Zero,NB,SACH,880,New,VN
SKU02356,EcoPure,Classic,VM,SACH,1856,New,BR
SKU02357,FreshBite,Vegan,EP,BAG,1694,Active,VN
SKU02358,EcoPure,Vegan,EP,BAG,677,Active,VN
SKU02359,NutriBox,Zero,FB,BOX,653,New,MA
SKU02360,VitalMeal,Kids,FB,BOX,1211,PhaseOut,MA
SKU02362,FreshBite,Kids,FB,BAG,1888,PhaseOut,BR
SKU02364,VitalMeal,Classic,NB,BAG,1635,New,BR
SKU02365,FreshBite,Classic,NB,BOX,1059,Active,BR
SKU02366,EcoPure,Classic,VM,BOX,120,PhaseOut,MA
SKU02367,NutriBox,Vegan,EP,SACH,960,Active,MA
SKU02368,NutriBox,Vegan,NB,BOX,1987,Active,MA
SKU02369,EcoPure,Zero,NB,BOX,643,PhaseOut,VN
SKU02370,VitalMeal,Kids,NB,BOX,1445,New,VN
SKU02371,VitalMeal,Classic,VM,SACH,1690,New,BR
SKU02372,VitalMeal,Classic,FB,BAG,649,Active,BR
SKU02373,VitalMeal,Kids,VM,BOX,563,Active,FR
SKU02376,FreshBite,Kids,EP,SACH,1043,PhaseOut,MA
SKU02377,VitalMeal,Classic,EP,BOX,1116,Active,MA
SKU02379,VitalMeal,Classic,NB,BOX,888,New,MA
SKU02381,NutriBox,Classic,FB,BOX,859,New,FR
SKU02383,EcoPure,Classic,VM,BOX,1468,PhaseOut,FR
SKU02385,EcoPure,Classic,NB,BOX,339,New,VN
SKU02386,EcoPure,Vegan,FB,SACH,425,Active,MA
SKU02387,VitalMeal,Vegan,FB,SACH,818,Active,MA
SKU02388,FreshBite,Vegan,FB,BAG,516,PhaseOut,FR
SKU02390,EcoPure,Zero,NB,BOX,1286,Active,FR
SKU02392,VitalMeal,Kids,FB,BOX,1646,Active,BR
SKU02394,NutriBox,Vegan,FB,BOX,198,PhaseOut,VN
SKU02397,FreshBite,Classic,FB,BAG,1968,Active,VN
SKU02400,NutriBox,Kids,NB,SACH,1477,Active,MA
SKU02401,VitalMeal,Classic,EP,BAG,1155,PhaseOut,BR
SKU02402,FreshBite,Kids,FB,SACH,1714,PhaseOut,VN
SKU02404,FreshBite,Vegan,EP,BAG,1455,Active,FR
SKU02405,NutriBox,Kids,VM,SACH,914,Active,MA
SKU02406,EcoPure,Vegan,EP,BOX,1865,New,MA
SKU02407,FreshBite,Classic,EP,BOX,1343,PhaseOut,VN
SKU02410,FreshBite,Kids,FB,BAG,1788,PhaseOut,BR
SKU02411,FreshBite,Classic,VM,SACH,73,New,BR
SKU02413,FreshBite,Classic,EP,SACH,1936,Active,FR
SKU02414,EcoPure,Vegan,EP,BOX,360,PhaseOut,BR
SKU02415,EcoPure,Zero,NB,BOX,1534,PhaseOut,BR
SKU02416,EcoPure,Vegan,FB,SACH,1281,New,MA
SKU02417,EcoPure,Kids,VM,BAG,1865,New,FR
SKU02419,VitalMeal,Classic,NB,BAG,713,New,VN
SKU02421,FreshBite,Vegan,EP,SACH,1611,New,MA
SKU02422,NutriBox,Kids,VM,BOX,755,PhaseOut,MA
SKU02424,FreshBite,Kids,NB,BOX,471,PhaseOut,MA
SKU02425,FreshBite,Zero,VM,BAG,1823,PhaseOut,BR
SKU02426,FreshBite,Classic,FB,BOX,370,Active,FR
SKU02427,NutriBox,Kids,VM,BOX,1570,PhaseOut,MA
SKU02429,FreshBite,Vegan,FB,BOX,996,New,BR
SKU02431,VitalMeal,Vegan,VM,SACH,1884,New,MA
SKU02432,EcoPure,Classic,FB,BAG,1614,New,FR
SKU02435,VitalMeal,Classic,VM,BAG,1771,New,BR
SKU02436,EcoPure,Classic,FB,BOX,1639,PhaseOut,FR
SKU02437,FreshBite,Classic,VM,SACH,1368,New,BR
SKU02438,FreshBite,Kids,NB,BAG,91,New,FR
SKU02441,EcoPure,Vegan,VM,SACH,988,PhaseOut,MA
SKU02443,VitalMeal,Vegan,NB,SACH,1211,PhaseOut,VN
SKU02444,VitalMeal,Classic,FB,BOX,1260,Active,VN
SKU02445,NutriBox,Zero,VM,BOX,959,PhaseOut,BR
SKU02448,VitalMeal,Classic,VM,SACH,603,Active,MA
SKU02449,NutriBox,Vegan,EP,BOX,1935,Active,VN
SKU02451,VitalMeal,Zero,EP,BAG,849,New,FR
SKU02452,EcoPure,Classic,VM,SACH,475,PhaseOut,MA
SKU02455,NutriBox,Vegan,FB,BOX,1444,Active,MA
SKU02456,FreshBite,Kids,VM,BOX,434,PhaseOut,VN
SKU02457,FreshBite,Classic,VM,BOX,105,Active,MA
SKU02458,NutriBox,Classic,VM,BOX,1326,Active,FR
SKU02460,VitalMeal,Kids,VM,BAG,155,PhaseOut,FR
SKU02462,FreshBite,Zero,EP,SACH,898,New,MA
SKU02463,EcoPure,Zero,NB,SACH,719,New,MA
SKU02464,NutriBox,Kids,NB,BAG,425,Active,MA
SKU02466,VitalMeal,Classic,EP,BAG,1016,Active,MA
SKU02467,NutriBox,Vegan,FB,BAG,357,Active,MA
SKU02468,NutriBox,Vegan,EP,BAG,140,PhaseOut,VN
SKU02469,VitalMeal,Zero,VM,SACH,1466,New,BR
SKU02470,VitalMeal,Kids,EP,BAG,1607,Active,FR
SKU02471,EcoPure,Kids,EP,SACH,851,New,VN
SKU02472,FreshBite,Kids,EP,SACH,159,New,FR
SKU02473,VitalMeal,Kids,NB,BOX,1634,PhaseOut,VN
SKU02474,VitalMeal,Kids,EP,BOX,1714,Active,BR
SKU02475,FreshBite,Zero,VM,BAG,634,Active,VN
SKU02476,VitalMeal,Vegan,VM,BAG,389,New,FR
SKU02477,VitalMeal,Vegan,VM,SACH,1638,New,MA
SKU02478,EcoPure,Zero,EP,BAG,1028,PhaseOut,MA
SKU02480,NutriBox,Zero,FB,SACH,1965,PhaseOut,FR
SKU02481,NutriBox,Vegan,VM,BAG,217,Active,FR
SKU02482,NutriBox,Classic,NB,BAG,606,PhaseOut,FR
SKU02485,FreshBite,Vegan,FB,BOX,154,PhaseOut,VN
SKU02486,EcoPure,Vegan,VM,SACH,199,Active,BR
SKU02487,EcoPure,Vegan,NB,BOX,195,PhaseOut,VN
SKU02490,FreshBite,Classic,VM,SACH,348,Active,MA
SKU02493,VitalMeal,Classic,VM,BOX,695,PhaseOut,FR
SKU02494,NutriBox,Vegan,EP,BAG,772,New,VN
SKU02495,VitalMeal,Classic,FB,BAG,1121,Active,FR
SKU02496,VitalMeal,Zero,EP,SACH,687,Active,VN
SKU02498,FreshBite,Zero,FB,BAG,1080,PhaseOut,BR
